AAR%20Corp--N00004981,AAR Corp,N00004981,AIR
AAR%20Corp--N00027860,AAR Corp,N00027860,AIR
AAR%20Corp--N00033240,AAR Corp,N00033240,AIR
Abbott%20Laboratories--N00004961,Abbott Laboratories,N00004961,ABT
Abbott%20Laboratories--N00030752,Abbott Laboratories,N00030752,ABT
Abbott%20Laboratories--N00031227,Abbott Laboratories,N00031227,ABT
Abbott%20Laboratories--N00033373,Abbott Laboratories,N00033373,ABT
Abbott%20Laboratories--N00034784,Abbott Laboratories,N00034784,ABT
Abbott%20Laboratories--N00036107,Abbott Laboratories,N00036107,ABT
Abbott%20Laboratories--N00037422,Abbott Laboratories,N00037422,ABT
Abbott%20Laboratories--N00038601,Abbott Laboratories,N00038601,ABT
AbbVie%20Inc--N00002593,AbbVie Inc,N00002593,ABBV
AbbVie%20Inc--N00003028,AbbVie Inc,N00003028,ABBV
AbbVie%20Inc--N00006460,AbbVie Inc,N00006460,ABBV
AbbVie%20Inc--N00009888,AbbVie Inc,N00009888,ABBV
AbbVie%20Inc--N00031545,AbbVie Inc,N00031545,ABBV
AbbVie%20Inc--N00033101,AbbVie Inc,N00033101,ABBV
AbbVie%20Inc--N00035215,AbbVie Inc,N00035215,ABBV
AbbVie%20Inc--N00035307,AbbVie Inc,N00035307,ABBV
AbbVie%20Inc--N00042237,AbbVie Inc,N00042237,ABBV
Acadia%20Healthcare--N00009888,Acadia Healthcare,N00009888,ACHC
Acadia%20Healthcare--N00028463,Acadia Healthcare,N00028463,ACHC
Adobe%20Inc--N00042013,Adobe Inc,N00042013,ADBE
Adtalem%20Global%20Education--N00009888,Adtalem Global Education,N00009888,ATGE
Affiliated%20Managers%20Group--N00035544,Affiliated Managers Group,N00035544,AMG
Affiliated%20Managers%20Group--N00037269,Affiliated Managers Group,N00037269,AMG
AFLAC%20Inc--N00000575,AFLAC Inc,N00000575,AFL
AFLAC%20Inc--N00002408,AFLAC Inc,N00002408,AFL
AFLAC%20Inc--N00002577,AFLAC Inc,N00002577,AFL
AFLAC%20Inc--N00002674,AFLAC Inc,N00002674,AFL
AFLAC%20Inc--N00009920,AFLAC Inc,N00009920,AFL
AFLAC%20Inc--N00024871,AFLAC Inc,N00024871,AFL
AFLAC%20Inc--N00027848,AFLAC Inc,N00027848,AFL
AFLAC%20Inc--N00030788,AFLAC Inc,N00030788,AFL
AFLAC%20Inc--N00032243,AFLAC Inc,N00032243,AFL
AFLAC%20Inc--N00032457,AFLAC Inc,N00032457,AFL
AFLAC%20Inc--N00033720,AFLAC Inc,N00033720,AFL
AFLAC%20Inc--N00035347,AFLAC Inc,N00035347,AFL
Airbnb%20Inc--N00000781,Airbnb Inc,N00000781,ABNB
Alaska%20Air%20Group--N00007781,Alaska Air Group,N00007781,ALK
Alaska%20Air%20Group--N00009759,Alaska Air Group,N00009759,ALK
Allete%20Inc--N00041511,Allete Inc,N00041511,ALE
Alliance%20Resource%20Partners--N00031233,Alliance Resource Partners,N00031233,ARLP
Allison%20Transmission--N00029835,Allison Transmission,N00029835,ALSN
Ally%20Financial--N00012460,Ally Financial,N00012460,ALLY
Ally%20Financial--N00024871,Ally Financial,N00024871,ALLY
Ally%20Financial--N00030967,Ally Financial,N00030967,ALLY
Ally%20Financial--N00038429,Ally Financial,N00038429,ALLY
Alphabet%20Inc--N00000270,Alphabet Inc,N00000270,GOOG
Alphabet%20Inc--N00000528,Alphabet Inc,N00000528,GOOG
Alphabet%20Inc--N00004558,Alphabet Inc,N00004558,GOOG
Alphabet%20Inc--N00006134,Alphabet Inc,N00006134,GOOG
Alphabet%20Inc--N00007335,Alphabet Inc,N00007335,GOOG
Alphabet%20Inc--N00007360,Alphabet Inc,N00007360,GOOG
Alphabet%20Inc--N00007479,Alphabet Inc,N00007479,GOOG
Alphabet%20Inc--N00009585,Alphabet Inc,N00009585,GOOG
Alphabet%20Inc--N00024817,Alphabet Inc,N00024817,GOOG
Alphabet%20Inc--N00026427,Alphabet Inc,N00026427,GOOG
Alphabet%20Inc--N00028122,Alphabet Inc,N00028122,GOOG
Alphabet%20Inc--N00029277,Alphabet Inc,N00029277,GOOG
Alphabet%20Inc--N00029562,Alphabet Inc,N00029562,GOOG
Alphabet%20Inc--N00030752,Alphabet Inc,N00030752,GOOG
Alphabet%20Inc--N00033492,Alphabet Inc,N00033492,GOOG
Alphabet%20Inc--N00034044,Alphabet Inc,N00034044,GOOG
Alphabet%20Inc--N00035267,Alphabet Inc,N00035267,GOOG
Alphabet%20Inc--N00035544,Alphabet Inc,N00035544,GOOG
Alphabet%20Inc--N00037161,Alphabet Inc,N00037161,GOOG
Alphabet%20Inc--N00040666,Alphabet Inc,N00040666,GOOG
Alphabet%20Inc--N00040667,Alphabet Inc,N00040667,GOOG
Alphabet%20Inc--N00040741,Alphabet Inc,N00040741,GOOG
Alphabet%20Inc--N00040853,Alphabet Inc,N00040853,GOOG
Alphabet%20Inc--N00040888,Alphabet Inc,N00040888,GOOG
Alphabet%20Inc--N00040915,Alphabet Inc,N00040915,GOOG
Alphabet%20Inc--N00041104,Alphabet Inc,N00041104,GOOG
Alphabet%20Inc--N00041162,Alphabet Inc,N00041162,GOOG
Alphabet%20Inc--N00041221,Alphabet Inc,N00041221,GOOG
Alphabet%20Inc--N00041357,Alphabet Inc,N00041357,GOOG
Alphabet%20Inc--N00041370,Alphabet Inc,N00041370,GOOG
Alphabet%20Inc--N00041385,Alphabet Inc,N00041385,GOOG
Alphabet%20Inc--N00041394,Alphabet Inc,N00041394,GOOG
Alphabet%20Inc--N00041561,Alphabet Inc,N00041561,GOOG
Alphabet%20Inc--N00041569,Alphabet Inc,N00041569,GOOG
Alphabet%20Inc--N00041668,Alphabet Inc,N00041668,GOOG
Alphabet%20Inc--N00041843,Alphabet Inc,N00041843,GOOG
Alphabet%20Inc--N00042649,Alphabet Inc,N00042649,GOOG
Alphabet%20Inc--N00043581,Alphabet Inc,N00043581,GOOG
Altria%20Group--N00002221,Altria Group,N00002221,MO
Altria%20Group--N00002674,Altria Group,N00002674,MO
Altria%20Group--N00026314,Altria Group,N00026314,MO
Altria%20Group--N00026631,Altria Group,N00026631,MO
Altria%20Group--N00027035,Altria Group,N00027035,MO
Altria%20Group--N00030071,Altria Group,N00030071,MO
Altria%20Group--N00032029,Altria Group,N00032029,MO
Altria%20Group--N00033527,Altria Group,N00033527,MO
Altria%20Group--N00039327,Altria Group,N00039327,MO
Altria%20Group--N00041418,Altria Group,N00041418,MO
Amazon.com--N00000528,Amazon.com,N00000528,AMZN
Amazon.com--N00001971,Amazon.com,N00001971,AMZN
Amazon.com--N00002097,Amazon.com,N00002097,AMZN
Amazon.com--N00002147,Amazon.com,N00002147,AMZN
Amazon.com--N00006052,Amazon.com,N00006052,AMZN
Amazon.com--N00007360,Amazon.com,N00007360,AMZN
Amazon.com--N00007833,Amazon.com,N00007833,AMZN
Amazon.com--N00008046,Amazon.com,N00008046,AMZN
Amazon.com--N00028152,Amazon.com,N00028152,AMZN
Amazon.com--N00029891,Amazon.com,N00029891,AMZN
Amazon.com--N00030693,Amazon.com,N00030693,AMZN
Amazon.com--N00031877,Amazon.com,N00031877,AMZN
Amazon.com--N00032029,Amazon.com,N00032029,AMZN
Amazon.com--N00034453,Amazon.com,N00034453,AMZN
Amazon.com--N00035215,Amazon.com,N00035215,AMZN
Amazon.com--N00035523,Amazon.com,N00035523,AMZN
Amazon.com--N00036999,Amazon.com,N00036999,AMZN
Amazon.com--N00037031,Amazon.com,N00037031,AMZN
Amazon.com--N00038858,Amazon.com,N00038858,AMZN
Amazon.com--N00039327,Amazon.com,N00039327,AMZN
Amazon.com--N00041002,Amazon.com,N00041002,AMZN
Amazon.com--N00041162,Amazon.com,N00041162,AMZN
Amazon.com--N00041606,Amazon.com,N00041606,AMZN
Amazon.com--N00043581,Amazon.com,N00043581,AMZN
Amedisys%20Inc--N00030622,Amedisys Inc,N00030622,AMED
Ameren%20Corp--N00030667,Ameren Corp,N00030667,AEE
Ameren%20Corp--N00030676,Ameren Corp,N00030676,AEE
Ameren%20Corp--N00033106,Ameren Corp,N00033106,AEE
Ameren%20Corp--N00035282,Ameren Corp,N00035282,AEE
American%20Airlines%20Group--N00003280,American Airlines Group,N00003280,AAL
American%20Airlines%20Group--N00007781,American Airlines Group,N00007781,AAL
American%20Airlines%20Group--N00009660,American Airlines Group,N00009660,AAL
American%20Airlines%20Group--N00033982,American Airlines Group,N00033982,AAL
American%20Electric%20Power--N00028152,American Electric Power,N00028152,AEP
American%20Electric%20Power--N00029574,American Electric Power,N00029574,AEP
American%20Financial%20Group--N00003682,American Financial Group,N00003682,AFG
American%20Financial%20Group--N00003689,American Financial Group,N00003689,AFG
American%20Financial%20Group--N00033310,American Financial Group,N00033310,AFG
AmerisourceBergen%20Corp--N00004118,AmerisourceBergen Corp,N00004118,ABC
AmerisourceBergen%20Corp--N00005285,AmerisourceBergen Corp,N00005285,ABC
AmerisourceBergen%20Corp--N00030612,AmerisourceBergen Corp,N00030612,ABC
AmerisourceBergen%20Corp--N00042706,AmerisourceBergen Corp,N00042706,ABC
Amgen%20Inc--N00005285,Amgen Inc,N00005285,AMGN
Amgen%20Inc--N00006267,Amgen Inc,N00006267,AMGN
Amgen%20Inc--N00029675,Amgen Inc,N00029675,AMGN
Amgen%20Inc--N00031820,Amgen Inc,N00031820,AMGN
Amgen%20Inc--N00034254,Amgen Inc,N00034254,AMGN
Antero%20Resources--N00031681,Antero Resources,N00031681,AR
Apex--N00001285,Apex,N00001285,APXT
Apollo--N00035483,Apollo,N00035483,AFT
Apollo%20Global%20Management--N00000270,Apollo Global Management,N00000270,APO
Apollo%20Global%20Management--N00001171,Apollo Global Management,N00001171,APO
Apollo%20Global%20Management--N00001489,Apollo Global Management,N00001489,APO
Apollo%20Global%20Management--N00002097,Apollo Global Management,N00002097,APO
Apollo%20Global%20Management--N00003389,Apollo Global Management,N00003389,APO
Apollo%20Global%20Management--N00005883,Apollo Global Management,N00005883,APO
Apollo%20Global%20Management--N00006690,Apollo Global Management,N00006690,APO
Apollo%20Global%20Management--N00024852,Apollo Global Management,N00024852,APO
Apollo%20Global%20Management--N00027510,Apollo Global Management,N00027510,APO
Apollo%20Global%20Management--N00029441,Apollo Global Management,N00029441,APO
Apollo%20Global%20Management--N00030780,Apollo Global Management,N00030780,APO
Apollo%20Global%20Management--N00031233,Apollo Global Management,N00031233,APO
Apollo%20Global%20Management--N00031820,Apollo Global Management,N00031820,APO
Apollo%20Global%20Management--N00033085,Apollo Global Management,N00033085,APO
Apollo%20Global%20Management--N00033363,Apollo Global Management,N00033363,APO
Apollo%20Global%20Management--N00033640,Apollo Global Management,N00033640,APO
Apollo%20Global%20Management--N00035483,Apollo Global Management,N00035483,APO
Apollo%20Global%20Management--N00035492,Apollo Global Management,N00035492,APO
Apollo%20Global%20Management--N00035516,Apollo Global Management,N00035516,APO
Apollo%20Global%20Management--N00035774,Apollo Global Management,N00035774,APO
Apollo%20Global%20Management--N00036944,Apollo Global Management,N00036944,APO
Apple%20Inc--N00000528,Apple Inc,N00000528,AAPL
Apple%20Inc--N00024817,Apple Inc,N00024817,AAPL
Apple%20Inc--N00028122,Apple Inc,N00028122,AAPL
Apple%20Inc--N00033492,Apple Inc,N00033492,AAPL
Apple%20Inc--N00040853,Apple Inc,N00040853,AAPL
Apple%20Inc--N00041162,Apple Inc,N00041162,AAPL
Apple%20Inc--N00041668,Apple Inc,N00041668,AAPL
Apple%20Inc--N00043581,Apple Inc,N00043581,AAPL
Ares%20Management--N00030608,Ares Management,N00030608,ARES
Ashford%20Hospitality%20Trust--N00042237,Ashford Hospitality Trust,N00042237,AHT
Ashford%20Hospitality%20Trust--N00042240,Ashford Hospitality Trust,N00042240,AHT
Associated%20Builders%20&%20Contractors--N00041335,Associated Builders & Contractors,N00041335,AC
Associated%20Builders%20&%20Contractors--N00041954,Associated Builders & Contractors,N00041954,AC
AstraZeneca%20PLC--N00029675,AstraZeneca PLC,N00029675,AZN
AstraZeneca%20PLC--N00030717,AstraZeneca PLC,N00030717,AZN
AstraZeneca%20PLC--N00031227,AstraZeneca PLC,N00031227,AZN
AstraZeneca%20PLC--N00038414,AstraZeneca PLC,N00038414,AZN
AT&T%20Inc--N00002577,AT&T Inc,N00002577,T
AT&T%20Inc--N00004291,AT&T Inc,N00004291,T
AT&T%20Inc--N00004884,AT&T Inc,N00004884,T
AT&T%20Inc--N00004887,AT&T Inc,N00004887,T
AT&T%20Inc--N00004961,AT&T Inc,N00004961,T
AT&T%20Inc--N00006789,AT&T Inc,N00006789,T
AT&T%20Inc--N00008122,AT&T Inc,N00008122,T
AT&T%20Inc--N00009585,AT&T Inc,N00009585,T
AT&T%20Inc--N00024809,AT&T Inc,N00024809,T
AT&T%20Inc--N00024870,AT&T Inc,N00024870,T
AT&T%20Inc--N00025219,AT&T Inc,N00025219,T
AT&T%20Inc--N00026041,AT&T Inc,N00026041,T
AT&T%20Inc--N00026341,AT&T Inc,N00026341,T
AT&T%20Inc--N00027035,AT&T Inc,N00027035,T
AT&T%20Inc--N00027523,AT&T Inc,N00027523,T
AT&T%20Inc--N00027566,AT&T Inc,N00027566,T
AT&T%20Inc--N00027605,AT&T Inc,N00027605,T
AT&T%20Inc--N00027848,AT&T Inc,N00027848,T
AT&T%20Inc--N00028073,AT&T Inc,N00028073,T
AT&T%20Inc--N00029574,AT&T Inc,N00029574,T
AT&T%20Inc--N00029675,AT&T Inc,N00029675,T
AT&T%20Inc--N00030071,AT&T Inc,N00030071,T
AT&T%20Inc--N00030184,AT&T Inc,N00030184,T
AT&T%20Inc--N00030196,AT&T Inc,N00030196,T
AT&T%20Inc--N00030581,AT&T Inc,N00030581,T
AT&T%20Inc--N00030600,AT&T Inc,N00030600,T
AT&T%20Inc--N00030650,AT&T Inc,N00030650,T
AT&T%20Inc--N00030676,AT&T Inc,N00030676,T
AT&T%20Inc--N00030752,AT&T Inc,N00030752,T
AT&T%20Inc--N00030768,AT&T Inc,N00030768,T
AT&T%20Inc--N00031177,AT&T Inc,N00031177,T
AT&T%20Inc--N00031545,AT&T Inc,N00031545,T
AT&T%20Inc--N00031877,AT&T Inc,N00031877,T
AT&T%20Inc--N00033220,AT&T Inc,N00033220,T
AT&T%20Inc--N00033373,AT&T Inc,N00033373,T
AT&T%20Inc--N00033410,AT&T Inc,N00033410,T
AT&T%20Inc--N00033495,AT&T Inc,N00033495,T
AT&T%20Inc--N00033508,AT&T Inc,N00033508,T
AT&T%20Inc--N00033997,AT&T Inc,N00033997,T
AT&T%20Inc--N00034120,AT&T Inc,N00034120,T
AT&T%20Inc--N00034224,AT&T Inc,N00034224,T
AT&T%20Inc--N00034254,AT&T Inc,N00034254,T
AT&T%20Inc--N00034349,AT&T Inc,N00034349,T
AT&T%20Inc--N00034639,AT&T Inc,N00034639,T
AT&T%20Inc--N00035307,AT&T Inc,N00035307,T
AT&T%20Inc--N00035346,AT&T Inc,N00035346,T
AT&T%20Inc--N00035451,AT&T Inc,N00035451,T
AT&T%20Inc--N00036107,AT&T Inc,N00036107,T
AT&T%20Inc--N00038429,AT&T Inc,N00038429,T
AT&T%20Inc--N00038809,AT&T Inc,N00038809,T
AT&T%20Inc--N00039293,AT&T Inc,N00039293,T
AT&T%20Inc--N00039533,AT&T Inc,N00039533,T
AT&T%20Inc--N00039953,AT&T Inc,N00039953,T
AT&T%20Inc--N00040007,AT&T Inc,N00040007,T
AT&T%20Inc--N00040559,AT&T Inc,N00040559,T
AT&T%20Inc--N00040597,AT&T Inc,N00040597,T
AT&T%20Inc--N00040644,AT&T Inc,N00040644,T
AT&T%20Inc--N00041162,AT&T Inc,N00041162,T
AT&T%20Inc--N00041954,AT&T Inc,N00041954,T
AT&T%20Inc--N00042808,AT&T Inc,N00042808,T
AT&T%20Inc--N00042813,AT&T Inc,N00042813,T
Automatic%20Data%20Processing%20Inc--N00033832,Automatic Data Processing Inc,N00033832,ADP
AutoZone%20Inc--N00025445,AutoZone Inc,N00025445,AZO
Bain%20Capital--N00000286,Bain Capital,N00000286,BCSF
Bain%20Capital--N00004403,Bain Capital,N00004403,BCSF
Bain%20Capital--N00030875,Bain Capital,N00030875,BCSF
Bain%20Capital--N00034044,Bain Capital,N00034044,BCSF
Bain%20Capital--N00035267,Bain Capital,N00035267,BCSF
Bain%20Capital--N00035431,Bain Capital,N00035431,BCSF
Bain%20Capital--N00040949,Bain Capital,N00040949,BCSF
Bain%20Capital--N00041808,Bain Capital,N00041808,BCSF
Bain%20Capital--N00042164,Bain Capital,N00042164,BCSF
Bain%20Capital--N00042293,Bain Capital,N00042293,BCSF
Ball%20Corp--N00003132,Ball Corp,N00003132,BLL
Ball%20Corp--N00005559,Ball Corp,N00005559,BLL
Ball%20Corp--N00009920,Ball Corp,N00009920,BLL
Ball%20Corp--N00027509,Ball Corp,N00027509,BLL
Ball%20Corp--N00027514,Ball Corp,N00027514,BLL
Ball%20Corp--N00030196,Ball Corp,N00030196,BLL
Ball%20Corp--N00041080,Ball Corp,N00041080,BLL
BancorpSouth%20Bank--N00037003,BancorpSouth Bank,N00037003,BXS
Bank%20of%20America--N00001971,Bank of America,N00001971,BAC
Bank%20of%20America--N00007248,Bank of America,N00007248,BAC
Bank%20of%20America--N00009975,Bank of America,N00009975,BAC
Bank%20of%20America--N00012460,Bank of America,N00012460,BAC
Bank%20of%20America--N00026710,Bank of America,N00026710,BAC
Bank%20of%20America--N00030673,Bank of America,N00030673,BAC
Bank%20of%20America--N00031233,Bank of America,N00031233,BAC
Bank%20of%20America--N00031647,Bank of America,N00031647,BAC
Bank%20of%20America--N00033527,Bank of America,N00033527,BAC
Bank%20of%20America--N00033982,Bank of America,N00033982,BAC
Bank%20of%20America--N00035311,Bank of America,N00035311,BAC
Bank%20of%20America--N00035492,Bank of America,N00035492,BAC
Bank%20of%20America--N00035516,Bank of America,N00035516,BAC
Bank%20of%20America--N00035792,Bank of America,N00035792,BAC
Bank%20of%20America--N00038414,Bank of America,N00038414,BAC
Bank%20of%20America--N00038742,Bank of America,N00038742,BAC
Bank%20of%20America--N00039551,Bank of America,N00039551,BAC
Bank%20of%20America--N00040667,Bank of America,N00040667,BAC
Bank%20of%20America--N00043290,Bank of America,N00043290,BAC
Bank%20of%20America--N00043541,Bank of America,N00043541,BAC
Bank%20of%20America--N00046125,Bank of America,N00046125,BAC
Barclays--N00005285,Barclays,N00005285,BCS
Barclays--N00035792,Barclays,N00035792,BCS
Barrick%20Gold%20Corp--N00031177,Barrick Gold Corp,N00031177,GOLD
Berkshire%20Hathaway--N00005883,Berkshire Hathaway,N00005883,BRK/A
Berkshire%20Hathaway--N00006263,Berkshire Hathaway,N00006263,BRK/A
Berkshire%20Hathaway--N00007724,Berkshire Hathaway,N00007724,BRK/A
Berkshire%20Hathaway--N00008122,Berkshire Hathaway,N00008122,BRK/A
Berkshire%20Hathaway--N00024852,Berkshire Hathaway,N00024852,BRK/A
Berkshire%20Hathaway--N00025095,Berkshire Hathaway,N00025095,BRK/A
Berkshire%20Hathaway--N00027860,Berkshire Hathaway,N00027860,BRK/A
Berkshire%20Hathaway--N00030245,Berkshire Hathaway,N00030245,BRK/A
Berkshire%20Hathaway--N00031177,Berkshire Hathaway,N00031177,BRK/A
Berkshire%20Hathaway--N00031226,Berkshire Hathaway,N00031226,BRK/A
Berkshire%20Hathaway--N00033030,Berkshire Hathaway,N00033030,BRK/A
Berkshire%20Hathaway--N00033638,Berkshire Hathaway,N00033638,BRK/A
Berkshire%20Hathaway--N00033839,Berkshire Hathaway,N00033839,BRK/A
Berkshire%20Hathaway--N00034254,Berkshire Hathaway,N00034254,BRK/A
Berkshire%20Hathaway--N00034784,Berkshire Hathaway,N00034784,BRK/A
Berkshire%20Hathaway--N00035431,Berkshire Hathaway,N00035431,BRK/A
Berkshire%20Hathaway--N00041335,Berkshire Hathaway,N00041335,BRK/A
Berkshire%20Hathaway--N00042194,Berkshire Hathaway,N00042194,BRK/A
Berkshire%20Hathaway--N00042868,Berkshire Hathaway,N00042868,BRK/A
Berkshire%20Hathaway--N00043319,Berkshire Hathaway,N00043319,BRK/A
Best%20Buy--N00027500,Best Buy,N00027500,BBY
BlackRock%20Inc--N00000078,BlackRock Inc,N00000078,BKT
BlackRock%20Inc--N00002593,BlackRock Inc,N00002593,BKT
BlackRock%20Inc--N00003682,BlackRock Inc,N00003682,BKT
BlackRock%20Inc--N00005883,BlackRock Inc,N00005883,BKT
BlackRock%20Inc--N00006690,BlackRock Inc,N00006690,BKT
BlackRock%20Inc--N00006897,BlackRock Inc,N00006897,BKT
Blackstone%20Group--N00000153,Blackstone Group,N00000153,BX
Blackstone%20Group--N00000270,Blackstone Group,N00000270,BX
Blackstone%20Group--N00000491,Blackstone Group,N00000491,BX
Blackstone%20Group--N00001171,Blackstone Group,N00001171,BX
Blackstone%20Group--N00001193,Blackstone Group,N00001193,BX
Blackstone%20Group--N00001489,Blackstone Group,N00001489,BX
Blackstone%20Group--N00002942,Blackstone Group,N00002942,BX
Blackstone%20Group--N00003389,Blackstone Group,N00003389,BX
Blackstone%20Group--N00004403,Blackstone Group,N00004403,BX
Blackstone%20Group--N00005195,Blackstone Group,N00005195,BX
Blackstone%20Group--N00006460,Blackstone Group,N00006460,BX
Blackstone%20Group--N00006863,Blackstone Group,N00006863,BX
Blackstone%20Group--N00006897,Blackstone Group,N00006897,BX
Blackstone%20Group--N00009816,Blackstone Group,N00009816,BX
Blackstone%20Group--N00009975,Blackstone Group,N00009975,BX
Blackstone%20Group--N00012460,Blackstone Group,N00012460,BX
Blackstone%20Group--N00012508,Blackstone Group,N00012508,BX
Blackstone%20Group--N00024852,Blackstone Group,N00024852,BX
Blackstone%20Group--N00025095,Blackstone Group,N00025095,BX
Blackstone%20Group--N00025445,Blackstone Group,N00025445,BX
Blackstone%20Group--N00026314,Blackstone Group,N00026314,BX
Blackstone%20Group--N00026460,Blackstone Group,N00026460,BX
Blackstone%20Group--N00026627,Blackstone Group,N00026627,BX
Blackstone%20Group--N00026710,Blackstone Group,N00026710,BX
Blackstone%20Group--N00027509,Blackstone Group,N00027509,BX
Blackstone%20Group--N00027623,Blackstone Group,N00027623,BX
Blackstone%20Group--N00029147,Blackstone Group,N00029147,BX
Blackstone%20Group--N00029404,Blackstone Group,N00029404,BX
Blackstone%20Group--N00030026,Blackstone Group,N00030026,BX
Blackstone%20Group--N00030608,Blackstone Group,N00030608,BX
Blackstone%20Group--N00030780,Blackstone Group,N00030780,BX
Blackstone%20Group--N00030949,Blackstone Group,N00030949,BX
Blackstone%20Group--N00031129,Blackstone Group,N00031129,BX
Blackstone%20Group--N00031696,Blackstone Group,N00031696,BX
Blackstone%20Group--N00033310,Blackstone Group,N00033310,BX
Blackstone%20Group--N00033363,Blackstone Group,N00033363,BX
Blackstone%20Group--N00033630,Blackstone Group,N00033630,BX
Blackstone%20Group--N00033638,Blackstone Group,N00033638,BX
Blackstone%20Group--N00033640,Blackstone Group,N00033640,BX
Blackstone%20Group--N00033904,Blackstone Group,N00033904,BX
Blackstone%20Group--N00033983,Blackstone Group,N00033983,BX
Blackstone%20Group--N00034044,Blackstone Group,N00034044,BX
Blackstone%20Group--N00035187,Blackstone Group,N00035187,BX
Blackstone%20Group--N00035282,Blackstone Group,N00035282,BX
Blackstone%20Group--N00035483,Blackstone Group,N00035483,BX
Blackstone%20Group--N00035492,Blackstone Group,N00035492,BX
Blackstone%20Group--N00035504,Blackstone Group,N00035504,BX
Blackstone%20Group--N00035509,Blackstone Group,N00035509,BX
Blackstone%20Group--N00035523,Blackstone Group,N00035523,BX
Blackstone%20Group--N00035774,Blackstone Group,N00035774,BX
Blackstone%20Group--N00035934,Blackstone Group,N00035934,BX
Blackstone%20Group--N00036944,Blackstone Group,N00036944,BX
Blackstone%20Group--N00037269,Blackstone Group,N00037269,BX
Blackstone%20Group--N00038285,Blackstone Group,N00038285,BX
Blackstone%20Group--N00038781,Blackstone Group,N00038781,BX
Blackstone%20Group--N00039090,Blackstone Group,N00039090,BX
Blackstone%20Group--N00039551,Blackstone Group,N00039551,BX
Blackstone%20Group--N00040712,Blackstone Group,N00040712,BX
Blackstone%20Group--N00041511,Blackstone Group,N00041511,BX
Blackstone%20Group--N00041690,Blackstone Group,N00041690,BX
Blackstone%20Group--N00041956,Blackstone Group,N00041956,BX
Blackstone%20Group--N00042194,Blackstone Group,N00042194,BX
Blackstone%20Group--N00042240,Blackstone Group,N00042240,BX
Blackstone%20Group--N00043541,Blackstone Group,N00043541,BX
Blackstone%20Group--N00046125,Blackstone Group,N00046125,BX
Boeing%20Co--N00001813,Boeing Co,N00001813,BA
Boeing%20Co--N00003028,Boeing Co,N00003028,BA
Boeing%20Co--N00003473,Boeing Co,N00003473,BA
Boeing%20Co--N00003813,Boeing Co,N00003813,BA
Boeing%20Co--N00005559,Boeing Co,N00005559,BA
Boeing%20Co--N00005582,Boeing Co,N00005582,BA
Boeing%20Co--N00005736,Boeing Co,N00005736,BA
Boeing%20Co--N00006052,Boeing Co,N00006052,BA
Boeing%20Co--N00006263,Boeing Co,N00006263,BA
Boeing%20Co--N00007248,Boeing Co,N00007248,BA
Boeing%20Co--N00007836,Boeing Co,N00007836,BA
Boeing%20Co--N00008122,Boeing Co,N00008122,BA
Boeing%20Co--N00009660,Boeing Co,N00009660,BA
Boeing%20Co--N00009724,Boeing Co,N00009724,BA
Boeing%20Co--N00009918,Boeing Co,N00009918,BA
Boeing%20Co--N00009975,Boeing Co,N00009975,BA
Boeing%20Co--N00025095,Boeing Co,N00025095,BA
Boeing%20Co--N00025482,Boeing Co,N00025482,BA
Boeing%20Co--N00026041,Boeing Co,N00026041,BA
Boeing%20Co--N00026914,Boeing Co,N00026914,BA
Boeing%20Co--N00028133,Boeing Co,N00028133,BA
Boeing%20Co--N00029513,Boeing Co,N00029513,BA
Boeing%20Co--N00029891,Boeing Co,N00029891,BA
Boeing%20Co--N00030026,Boeing Co,N00030026,BA
Boeing%20Co--N00030581,Boeing Co,N00030581,BA
Boeing%20Co--N00030693,Boeing Co,N00030693,BA
Boeing%20Co--N00030910,Boeing Co,N00030910,BA
Boeing%20Co--N00031559,Boeing Co,N00031559,BA
Boeing%20Co--N00031857,Boeing Co,N00031857,BA
Boeing%20Co--N00031958,Boeing Co,N00031958,BA
Boeing%20Co--N00033085,Boeing Co,N00033085,BA
Boeing%20Co--N00033539,Boeing Co,N00033539,BA
Boeing%20Co--N00033932,Boeing Co,N00033932,BA
Boeing%20Co--N00033982,Boeing Co,N00033982,BA
Boeing%20Co--N00034453,Boeing Co,N00034453,BA
Boeing%20Co--N00035523,Boeing Co,N00035523,BA
Boeing%20Co--N00036149,Boeing Co,N00036149,BA
Boeing%20Co--N00036275,Boeing Co,N00036275,BA
Boeing%20Co--N00036403,Boeing Co,N00036403,BA
Boeing%20Co--N00037003,Boeing Co,N00037003,BA
Boeing%20Co--N00037185,Boeing Co,N00037185,BA
Boeing%20Co--N00038858,Boeing Co,N00038858,BA
Boeing%20Co--N00039293,Boeing Co,N00039293,BA
Boeing%20Co--N00041606,Boeing Co,N00041606,BA
Boeing%20Co--N00042706,Boeing Co,N00042706,BA
Boeing%20Co--N00042894,Boeing Co,N00042894,BA
Bristol-Myers%20Squibb--N00000286,Bristol-Myers Squibb,N00000286,BMY
Bristol-Myers%20Squibb--N00005285,Bristol-Myers Squibb,N00005285,BMY
Bristol-Myers%20Squibb--N00037034,Bristol-Myers Squibb,N00037034,BMY
Brookfield%20Asset%20Management--N00007727,Brookfield Asset Management,N00007727,BAM
Brookfield%20Asset%20Management--N00030622,Brookfield Asset Management,N00030622,BAM
Brunswick%20Corp--N00036409,Brunswick Corp,N00036409,BC
BWX%20Technologies--N00001813,BWX Technologies,N00001813,BWXT
BWX%20Technologies--N00042296,BWX Technologies,N00042296,BWXT
Caesars%20Entertainment--N00037247,Caesars Entertainment,N00037247,CZR
Camden%20Property%20Trust--N00031545,Camden Property Trust,N00031545,CPT
Capital%20Group--N00000153,Capital Group,N00000153,ACGL
Capital%20Group--N00004572,Capital Group,N00004572,ACGL
Capital%20Group--N00024790,Capital Group,N00024790,ACGL
Capital%20Group--N00031782,Capital Group,N00031782,ACGL
Capital%20Group--N00033640,Capital Group,N00033640,ACGL
Capital%20Group--N00035278,Capital Group,N00035278,ACGL
Capital%20Group--N00035544,Capital Group,N00035544,ACGL
Capital%20Group--N00035792,Capital Group,N00035792,ACGL
Capital%20One%20Financial--N00006897,Capital One Financial,N00006897,COF
Capital%20One%20Financial--N00007021,Capital One Financial,N00007021,COF
Capital%20One%20Financial--N00030184,Capital One Financial,N00030184,COF
Capital%20One%20Financial--N00031557,Capital One Financial,N00031557,COF
Capital%20One%20Financial--N00039327,Capital One Financial,N00039327,COF
Capital%20One%20Financial--N00041418,Capital One Financial,N00041418,COF
Capital%20One%20Financial--N00042282,Capital One Financial,N00042282,COF
Cardinal%20Health--N00002577,Cardinal Health,N00002577,CAH
Cardinal%20Health--N00031128,Cardinal Health,N00031128,CAH
Cardinal%20Health--N00033495,Cardinal Health,N00033495,CAH
Carlisle%20Companies--N00025445,Carlisle Companies,N00025445,CSL
Carlyle%20Group--N00001024,Carlyle Group,N00001024,CG
Carnival%20Corp--N00003280,Carnival Corp,N00003280,CCL
Carnival%20Corp--N00006789,Carnival Corp,N00006789,CCL
Carnival%20Corp--N00007836,Carnival Corp,N00007836,CCL
Carnival%20Corp--N00013323,Carnival Corp,N00013323,CCL
Carnival%20Corp--N00029891,Carnival Corp,N00029891,CCL
Carnival%20Corp--N00033085,Carnival Corp,N00033085,CCL
Carnival%20Corp--N00035000,Carnival Corp,N00035000,CCL
Caterpillar%20Inc--N00003132,Caterpillar Inc,N00003132,CAT
Caterpillar%20Inc--N00004961,Caterpillar Inc,N00004961,CAT
Caterpillar%20Inc--N00026914,Caterpillar Inc,N00026914,CAT
Caterpillar%20Inc--N00030768,Caterpillar Inc,N00030768,CAT
Cboe%20Global%20Markets--N00042619,Cboe Global Markets,N00042619,CBOE
CBRE%20Group--N00033030,CBRE Group,N00033030,CBRE
Centene%20Corp--N00006460,Centene Corp,N00006460,CNC
Centene%20Corp--N00031685,Centene Corp,N00031685,CNC
Centene%20Corp--N00031877,Centene Corp,N00031877,CNC
Centene%20Corp--N00035516,Centene Corp,N00035516,CNC
Centene%20Corp--N00040888,Centene Corp,N00040888,CNC
Centene%20Corp--N00041104,Centene Corp,N00041104,CNC
Charles%20Schwab%20Corp--N00001758,Charles Schwab Corp,N00001758,SCHW
Charles%20Schwab%20Corp--N00030026,Charles Schwab Corp,N00030026,SCHW
Charles%20Schwab%20Corp--N00031005,Charles Schwab Corp,N00031005,SCHW
Charles%20Schwab%20Corp--N00031233,Charles Schwab Corp,N00031233,SCHW
Charles%20Schwab%20Corp--N00033106,Charles Schwab Corp,N00033106,SCHW
Charles%20Schwab%20Corp--N00035934,Charles Schwab Corp,N00035934,SCHW
Charles%20Schwab%20Corp--N00037269,Charles Schwab Corp,N00037269,SCHW
Charles%20Schwab%20Corp--N00041620,Charles Schwab Corp,N00041620,SCHW
Charles%20Schwab%20Corp--N00043379,Charles Schwab Corp,N00043379,SCHW
Charter%20Communications--N00004961,Charter Communications,N00004961,CHTR
Charter%20Communications--N00005195,Charter Communications,N00005195,CHTR
Charter%20Communications--N00026314,Charter Communications,N00026314,CHTR
Charter%20Communications--N00027848,Charter Communications,N00027848,CHTR
Charter%20Communications--N00030676,Charter Communications,N00030676,CHTR
Charter%20Communications--N00030752,Charter Communications,N00030752,CHTR
Charter%20Communications--N00030829,Charter Communications,N00030829,CHTR
Charter%20Communications--N00033054,Charter Communications,N00033054,CHTR
Charter%20Communications--N00033591,Charter Communications,N00033591,CHTR
Charter%20Communications--N00033839,Charter Communications,N00033839,CHTR
Charter%20Communications--N00033983,Charter Communications,N00033983,CHTR
Charter%20Communications--N00034349,Charter Communications,N00034349,CHTR
Charter%20Communications--N00035492,Charter Communications,N00035492,CHTR
Charter%20Communications--N00037019,Charter Communications,N00037019,CHTR
Charter%20Communications--N00038809,Charter Communications,N00038809,CHTR
Charter%20Communications--N00039293,Charter Communications,N00039293,CHTR
Charter%20Communications--N00042808,Charter Communications,N00042808,CHTR
Charter%20Communications--N00042868,Charter Communications,N00042868,CHTR
Chevron%20Corp--N00024978,Chevron Corp,N00024978,CVX
Chevron%20Corp--N00026460,Chevron Corp,N00026460,CVX
Chevron%20Corp--N00029441,Chevron Corp,N00029441,CVX
Chevron%20Corp--N00030184,Chevron Corp,N00030184,CVX
Chevron%20Corp--N00030829,Chevron Corp,N00030829,CVX
Chevron%20Corp--N00033932,Chevron Corp,N00033932,CVX
Chevron%20Corp--N00036135,Chevron Corp,N00036135,CVX
Chevron%20Corp--N00041956,Chevron Corp,N00041956,CVX
Chevron%20Corp--N00042224,Chevron Corp,N00042224,CVX
CHS%20Inc--N00026041,CHS Inc,N00026041,CHSCL
Churchill%20Capital--N00027709,Churchill Capital,N00027709,CCIV
Cigna%20Corp--N00024842,Cigna Corp,N00024842,CI
Cigna%20Corp--N00029835,Cigna Corp,N00029835,CI
Cigna%20Corp--N00030676,Cigna Corp,N00030676,CI
Cigna%20Corp--N00036097,Cigna Corp,N00036097,CI
Cinemark%20Holdings--N00035972,Cinemark Holdings,N00035972,CNK
Cinemark%20Holdings--N00041882,Cinemark Holdings,N00041882,CNK
Cintas%20Corp--N00003689,Cintas Corp,N00003689,CTAS
Cisco%20Systems--N00007335,Cisco Systems,N00007335,CSCO
Cisco%20Systems--N00007479,Cisco Systems,N00007479,CSCO
Cisco%20Systems--N00030875,Cisco Systems,N00030875,CSCO
City%20Bank--N00038285,City Bank,N00038285,CCBG
Cleveland-Cliffs--N00003522,Cleveland-Cliffs,N00003522,CLF
Cleveland-Cliffs--N00003535,Cleveland-Cliffs,N00003535,CLF
Cleveland-Cliffs--N00041511,Cleveland-Cliffs,N00041511,CLF
Clorox%20Co--N00007364,Clorox Co,N00007364,CLX
CME%20Group--N00034349,CME Group,N00034349,CME
CMS%20Energy--N00026368,CMS Energy,N00026368,CMS
CMS%20Energy--N00030673,CMS Energy,N00030673,CMS
CMS%20Energy--N00036149,CMS Energy,N00036149,CMS
CMS%20Energy--N00036274,CMS Energy,N00036274,CMS
CMS%20Energy--N00036275,CMS Energy,N00036275,CMS
CNH%20Industrial--N00042868,CNH Industrial,N00042868,CNHI
Coca-Cola%20Co--N00030788,Coca-Cola Co,N00030788,COKE
Coca-Cola%20Co--N00033518,Coca-Cola Co,N00033518,COKE
Coca-Cola%20Co--N00039090,Coca-Cola Co,N00039090,COKE
Coca-Cola%20Co--N00040007,Coca-Cola Co,N00040007,COKE
Cohen%20&%20Co--N00041690,Cohen & Co,N00041690,COHN
Columbia%20Sportswear--N00007724,Columbia Sportswear,N00007724,COLM
Comcast%20Corp--N00000362,Comcast Corp,N00000362,CMCSA
Comcast%20Corp--N00001003,Comcast Corp,N00001003,CMCSA
Comcast%20Corp--N00001373,Comcast Corp,N00001373,CMCSA
Comcast%20Corp--N00001821,Comcast Corp,N00001821,CMCSA
Comcast%20Corp--N00002884,Comcast Corp,N00002884,CMCSA
Comcast%20Corp--N00004961,Comcast Corp,N00004961,CMCSA
Comcast%20Corp--N00007690,Comcast Corp,N00007690,CMCSA
Comcast%20Corp--N00009585,Comcast Corp,N00009585,CMCSA
Comcast%20Corp--N00009660,Comcast Corp,N00009660,CMCSA
Comcast%20Corp--N00012233,Comcast Corp,N00012233,CMCSA
Comcast%20Corp--N00024790,Comcast Corp,N00024790,CMCSA
Comcast%20Corp--N00024870,Comcast Corp,N00024870,CMCSA
Comcast%20Corp--N00026106,Comcast Corp,N00026106,CMCSA
Comcast%20Corp--N00027035,Comcast Corp,N00027035,CMCSA
Comcast%20Corp--N00027459,Comcast Corp,N00027459,CMCSA
Comcast%20Corp--N00027510,Comcast Corp,N00027510,CMCSA
Comcast%20Corp--N00027514,Comcast Corp,N00027514,CMCSA
Comcast%20Corp--N00028138,Comcast Corp,N00028138,CMCSA
Comcast%20Corp--N00028152,Comcast Corp,N00028152,CMCSA
Comcast%20Corp--N00029303,Comcast Corp,N00029303,CMCSA
Comcast%20Corp--N00029416,Comcast Corp,N00029416,CMCSA
Comcast%20Corp--N00029562,Comcast Corp,N00029562,CMCSA
Comcast%20Corp--N00029675,Comcast Corp,N00029675,CMCSA
Comcast%20Corp--N00030184,Comcast Corp,N00030184,CMCSA
Comcast%20Corp--N00030752,Comcast Corp,N00030752,CMCSA
Comcast%20Corp--N00031227,Comcast Corp,N00031227,CMCSA
Comcast%20Corp--N00031820,Comcast Corp,N00031820,CMCSA
Comcast%20Corp--N00031877,Comcast Corp,N00031877,CMCSA
Comcast%20Corp--N00032088,Comcast Corp,N00032088,CMCSA
Comcast%20Corp--N00033449,Comcast Corp,N00033449,CMCSA
Comcast%20Corp--N00033518,Comcast Corp,N00033518,CMCSA
Comcast%20Corp--N00034120,Comcast Corp,N00034120,CMCSA
Comcast%20Corp--N00034128,Comcast Corp,N00034128,CMCSA
Comcast%20Corp--N00035215,Comcast Corp,N00035215,CMCSA
Comcast%20Corp--N00035267,Comcast Corp,N00035267,CMCSA
Comcast%20Corp--N00035278,Comcast Corp,N00035278,CMCSA
Comcast%20Corp--N00035307,Comcast Corp,N00035307,CMCSA
Comcast%20Corp--N00035825,Comcast Corp,N00035825,CMCSA
Comcast%20Corp--N00036154,Comcast Corp,N00036154,CMCSA
Comcast%20Corp--N00036944,Comcast Corp,N00036944,CMCSA
Comcast%20Corp--N00037019,Comcast Corp,N00037019,CMCSA
Comcast%20Corp--N00038414,Comcast Corp,N00038414,CMCSA
Comcast%20Corp--N00038450,Comcast Corp,N00038450,CMCSA
Comcast%20Corp--N00038779,Comcast Corp,N00038779,CMCSA
Comcast%20Corp--N00040007,Comcast Corp,N00040007,CMCSA
Comcast%20Corp--N00040133,Comcast Corp,N00040133,CMCSA
Comcast%20Corp--N00040949,Comcast Corp,N00040949,CMCSA
Comcast%20Corp--N00041080,Comcast Corp,N00041080,CMCSA
Comcast%20Corp--N00041221,Comcast Corp,N00041221,CMCSA
Comcast%20Corp--N00041871,Comcast Corp,N00041871,CMCSA
Comcast%20Corp--N00041956,Comcast Corp,N00041956,CMCSA
Comcast%20Corp--N00041997,Comcast Corp,N00041997,CMCSA
Comcast%20Corp--N00042164,Comcast Corp,N00042164,CMCSA
Comcast%20Corp--N00042237,Comcast Corp,N00042237,CMCSA
Comcast%20Corp--N00042296,Comcast Corp,N00042296,CMCSA
Comcast%20Corp--N00042353,Comcast Corp,N00042353,CMCSA
Comcast%20Corp--N00042706,Comcast Corp,N00042706,CMCSA
Comcast%20Corp--N00042715,Comcast Corp,N00042715,CMCSA
Comcast%20Corp--N00042813,Comcast Corp,N00042813,CMCSA
Comcast%20Corp--N00042894,Comcast Corp,N00042894,CMCSA
Comcast%20Corp--N00044065,Comcast Corp,N00044065,CMCSA
ConocoPhillips--N00007999,ConocoPhillips,N00007999,COP
ConocoPhillips--N00024978,ConocoPhillips,N00024978,COP
ConocoPhillips--N00026050,ConocoPhillips,N00026050,COP
Constellation%20Brands--N00004884,Constellation Brands,N00004884,STZ
Constellation%20Brands--N00027060,Constellation Brands,N00027060,STZ
Constellation%20Brands--N00043207,Constellation Brands,N00043207,STZ
Copart%20Inc--N00003105,Copart Inc,N00003105,CPRT
Copart%20Inc--N00026314,Copart Inc,N00026314,CPRT
Copart%20Inc--N00041873,Copart Inc,N00041873,CPRT
Corning%20Inc--N00028139,Corning Inc,N00028139,GLW
Corning%20Inc--N00030949,Corning Inc,N00030949,GLW
Crescent%20Capital--N00034044,Crescent Capital,N00034044,CCAP
CRH%20PLC--N00035527,CRH PLC,N00035527,CRH
CSX%20Corp--N00030770,CSX Corp,N00030770,CSX
CSX%20Corp--N00039777,CSX Corp,N00039777,CSX
Cubic%20Corp--N00003473,Cubic Corp,N00003473,CUB
Cubic%20Corp--N00003813,Cubic Corp,N00003813,CUB
Cubic%20Corp--N00009604,Cubic Corp,N00009604,CUB
Cubic%20Corp--N00013323,Cubic Corp,N00013323,CUB
Cummins%20Inc--N00007364,Cummins Inc,N00007364,CMI
CVS%20Health--N00000575,CVS Health,N00000575,CVS
CVS%20Health--N00001093,CVS Health,N00001093,CVS
CVS%20Health--N00005195,CVS Health,N00005195,CVS
CVS%20Health--N00005285,CVS Health,N00005285,CVS
CVS%20Health--N00031647,CVS Health,N00031647,CVS
Danaher%20Corp--N00027500,Danaher Corp,N00027500,DHR
DaVita%20Inc--N00001821,DaVita Inc,N00001821,DVA
DaVita%20Inc--N00007727,DaVita Inc,N00007727,DVA
DaVita%20Inc--N00027035,DaVita Inc,N00027035,DVA
DaVita%20Inc--N00028152,DaVita Inc,N00028152,DVA
DaVita%20Inc--N00030670,DaVita Inc,N00030670,DVA
DaVita%20Inc--N00031877,DaVita Inc,N00031877,DVA
DaVita%20Inc--N00033373,DaVita Inc,N00033373,DVA
DaVita%20Inc--N00033983,DaVita Inc,N00033983,DVA
Deere%20&%20Co--N00004961,Deere & Co,N00004961,DE
Deere%20&%20Co--N00005559,Deere & Co,N00005559,DE
Deere%20&%20Co--N00027741,Deere & Co,N00027741,DE
Deere%20&%20Co--N00031128,Deere & Co,N00031128,DE
Deere%20&%20Co--N00032457,Deere & Co,N00032457,DE
Deere%20&%20Co--N00035527,Deere & Co,N00035527,DE
Deere%20&%20Co--N00036135,Deere & Co,N00036135,DE
Dell%20Technologies--N00006561,Dell Technologies,N00006561,DELL
Dell%20Technologies--N00009724,Dell Technologies,N00009724,DELL
Dell%20Technologies--N00025095,Dell Technologies,N00025095,DELL
Dell%20Technologies--N00040597,Dell Technologies,N00040597,DELL
Dell%20Technologies--N00041702,Dell Technologies,N00041702,DELL
Delta%20Air%20Lines--N00001024,Delta Air Lines,N00001024,DAL
Delta%20Air%20Lines--N00009759,Delta Air Lines,N00009759,DAL
Delta%20Air%20Lines--N00009771,Delta Air Lines,N00009771,DAL
Delta%20Air%20Lines--N00027848,Delta Air Lines,N00027848,DAL
Delta%20Air%20Lines--N00029441,Delta Air Lines,N00029441,DAL
Delta%20Air%20Lines--N00032243,Delta Air Lines,N00032243,DAL
Delta%20Air%20Lines--N00033932,Delta Air Lines,N00033932,DAL
Delta%20Air%20Lines--N00035347,Delta Air Lines,N00035347,DAL
Delta%20Air%20Lines--N00035516,Delta Air Lines,N00035516,DAL
Delta%20Air%20Lines--N00036275,Delta Air Lines,N00036275,DAL
Delta%20Air%20Lines--N00042813,Delta Air Lines,N00042813,DAL
Devon%20Energy--N00025726,Devon Energy,N00025726,DVN
Discover%20Financial%20Services--N00033101,Discover Financial Services,N00033101,DFS
Discovery%20Inc--N00041843,Discovery Inc,N00041843,DISCA
DISH%20Network--N00000781,DISH Network,N00000781,DISH
DISH%20Network--N00000939,DISH Network,N00000939,DISH
DISH%20Network--N00001373,DISH Network,N00001373,DISH
DISH%20Network--N00006134,DISH Network,N00006134,DISH
DISH%20Network--N00009771,DISH Network,N00009771,DISH
DISH%20Network--N00012233,DISH Network,N00012233,DISH
DISH%20Network--N00026961,DISH Network,N00026961,DISH
DISH%20Network--N00027459,DISH Network,N00027459,DISH
DISH%20Network--N00027510,DISH Network,N00027510,DISH
DISH%20Network--N00028133,DISH Network,N00028133,DISH
DISH%20Network--N00029675,DISH Network,N00029675,DISH
DISH%20Network--N00030829,DISH Network,N00030829,DISH
DISH%20Network--N00041080,DISH Network,N00041080,DISH
Dominion%20Energy--N00001821,Dominion Energy,N00001821,D
Dominion%20Energy--N00002147,Dominion Energy,N00002147,D
Dominion%20Energy--N00004887,Dominion Energy,N00004887,D
Dominion%20Energy--N00009771,Dominion Energy,N00009771,D
Dominion%20Energy--N00025292,Dominion Energy,N00025292,D
Dominion%20Energy--N00029459,Dominion Energy,N00029459,D
Dominion%20Energy--N00030752,Dominion Energy,N00030752,D
Dominion%20Energy--N00039327,Dominion Energy,N00039327,D
Dow%20Inc--N00036275,Dow Inc,N00036275,DOW
DTE%20Energy--N00026368,DTE Energy,N00026368,DTB
DTE%20Energy--N00033395,DTE Energy,N00033395,DTB
DTE%20Energy--N00034068,DTE Energy,N00034068,DTB
DTE%20Energy--N00036274,DTE Energy,N00036274,DTB
Duke%20Energy--N00030752,Duke Energy,N00030752,DUK
Duke%20Energy--N00035451,Duke Energy,N00035451,DUK
Duke%20Energy--N00035492,Duke Energy,N00035492,DUK
Duke%20Energy--N00044335,Duke Energy,N00044335,DUK
Eaton%20Corp--N00035007,Eaton Corp,N00035007,ETN
eBay%20Inc--N00004291,eBay Inc,N00004291,EBAY
Ecolab%20Inc--N00027500,Ecolab Inc,N00027500,ECL
Ecolab%20Inc--N00035440,Ecolab Inc,N00035440,ECL
Edison%20International--N00006789,Edison International,N00006789,EIX
Edison%20International--N00033274,Edison International,N00033274,EIX
Edison%20International--N00033997,Edison International,N00033997,EIX
Edison%20International--N00037019,Edison International,N00037019,EIX
Edwards%20Lifesciences--N00000286,Edwards Lifesciences,N00000286,EW
Edwards%20Lifesciences--N00037260,Edwards Lifesciences,N00037260,EW
eHealth%20Inc--N00012508,eHealth Inc,N00012508,EHTH
Electronics%20Inc--N00031226,Electronics Inc,N00031226,ARW
Emergent%20Biosolutions--N00025482,Emergent Biosolutions,N00025482,EBS
Emerson%20Electric--N00033106,Emerson Electric,N00033106,EMR
Energy%20Fuels--N00006236,Energy Fuels,N00006236,CLNE
Energy%20Transfer%20LP--N00028152,Energy Transfer LP,N00028152,ET
Energy%20Transfer%20LP--N00029285,Energy Transfer LP,N00029285,ET
Energy%20Transfer%20LP--N00042268,Energy Transfer LP,N00042268,ET
Entergy%20Corp--N00030184,Entergy Corp,N00030184,ETR
Entergy%20Corp--N00036633,Entergy Corp,N00036633,ETR
Enterprise%20Products%20Partners--N00036135,Enterprise Products Partners,N00036135,EPD
Enterprise%20Products%20Partners--N00042224,Enterprise Products Partners,N00042224,EPD
Epizyme--N00027566,Epizyme,N00027566,EPZM
Estee%20Lauder%20Companies--N00000078,Estee Lauder Companies,N00000078,EL
Eversource%20Energy--N00013855,Eversource Energy,N00013855,ES
Eversource%20Energy--N00031933,Eversource Energy,N00031933,ES
Exact%20Sciences%20Corp--N00033549,Exact Sciences Corp,N00033549,EXAS
Exelon%20Corp--N00004133,Exelon Corp,N00004133,EXC
Exelon%20Corp--N00004614,Exelon Corp,N00004614,EXC
Exelon%20Corp--N00004887,Exelon Corp,N00004887,EXC
Exelon%20Corp--N00029139,Exelon Corp,N00029139,EXC
Exelon%20Corp--N00030667,Exelon Corp,N00030667,EXC
Exelon%20Corp--N00033240,Exelon Corp,N00033240,EXC
Exelon%20Corp--N00034120,Exelon Corp,N00034120,EXC
Exelon%20Corp--N00034784,Exelon Corp,N00034784,EXC
Exelon%20Corp--N00035420,Exelon Corp,N00035420,EXC
Exelon%20Corp--N00035934,Exelon Corp,N00035934,EXC
Exelon%20Corp--N00037031,Exelon Corp,N00037031,EXC
Exelon%20Corp--N00038781,Exelon Corp,N00038781,EXC
Exxon%20Mobil--N00006249,Exxon Mobil,N00006249,XOM
Exxon%20Mobil--N00030184,Exxon Mobil,N00030184,XOM
Exxon%20Mobil--N00030667,Exxon Mobil,N00030667,XOM
Exxon%20Mobil--N00033839,Exxon Mobil,N00033839,XOM
Exxon%20Mobil--N00034349,Exxon Mobil,N00034349,XOM
Exxon%20Mobil--N00036135,Exxon Mobil,N00036135,XOM
Exxon%20Mobil--N00041871,Exxon Mobil,N00041871,XOM
Exxon%20Mobil--N00042224,Exxon Mobil,N00042224,XOM
Exxon%20Mobil--N00042282,Exxon Mobil,N00042282,XOM
Facebook%20Inc--N00002408,Facebook Inc,N00002408,FB
Facebook%20Inc--N00007360,Facebook Inc,N00007360,FB
Facebook%20Inc--N00007479,Facebook Inc,N00007479,FB
Facebook%20Inc--N00029649,Facebook Inc,N00029649,FB
Facebook%20Inc--N00033508,Facebook Inc,N00033508,FB
Facebook%20Inc--N00041606,Facebook Inc,N00041606,FB
Fastenal%20Co--N00031390,Fastenal Co,N00031390,FAST
FedEx%20Corp--N00003225,FedEx Corp,N00003225,FDX
FedEx%20Corp--N00013323,FedEx Corp,N00013323,FDX
FedEx%20Corp--N00024978,FedEx Corp,N00024978,FDX
FedEx%20Corp--N00025445,FedEx Corp,N00025445,FDX
FedEx%20Corp--N00030815,FedEx Corp,N00030815,FDX
FirstCash%20Inc--N00042237,FirstCash Inc,N00042237,FCFS
FirstEnergy%20Corp--N00009771,FirstEnergy Corp,N00009771,FE
FirstEnergy%20Corp--N00029416,FirstEnergy Corp,N00029416,FE
FirstEnergy%20Corp--N00041542,FirstEnergy Corp,N00041542,FE
FirstEnergy%20Corp--N00041690,FirstEnergy Corp,N00041690,FE
Ford%20Motor%20Co--N00004133,Ford Motor Co,N00004133,F
Ford%20Motor%20Co--N00036149,Ford Motor Co,N00036149,F
Ford%20Motor%20Co--N00040915,Ford Motor Co,N00040915,F
Fortis%20Inc--N00004118,Fortis Inc,N00004118,FTS
Fortis%20Inc--N00033395,Fortis Inc,N00033395,FTS
Fortis%20Inc--N00036274,Fortis Inc,N00036274,FTS
Franklin%20Resources--N00033814,Franklin Resources,N00033814,BEN
Freeport-McMoRan--N00030771,Freeport-McMoRan,N00030771,FCX
Freeport-McMoRan--N00041750,Freeport-McMoRan,N00041750,FCX
Fresenius%20Medical%20Care--N00000286,Fresenius Medical Care,N00000286,FMS
Fresenius%20Medical%20Care--N00001758,Fresenius Medical Care,N00001758,FMS
Fresenius%20Medical%20Care--N00033310,Fresenius Medical Care,N00033310,FMS
General%20Dynamics--N00000362,General Dynamics,N00000362,GD
General%20Dynamics--N00000491,General Dynamics,N00000491,GD
General%20Dynamics--N00002942,General Dynamics,N00002942,GD
General%20Dynamics--N00003473,General Dynamics,N00003473,GD
General%20Dynamics--N00003522,General Dynamics,N00003522,GD
General%20Dynamics--N00003813,General Dynamics,N00003813,GD
General%20Dynamics--N00004981,General Dynamics,N00004981,GD
General%20Dynamics--N00005582,General Dynamics,N00005582,GD
General%20Dynamics--N00007099,General Dynamics,N00007099,GD
General%20Dynamics--N00008799,General Dynamics,N00008799,GD
General%20Dynamics--N00009724,General Dynamics,N00009724,GD
General%20Dynamics--N00013817,General Dynamics,N00013817,GD
General%20Dynamics--N00024842,General Dynamics,N00024842,GD
General%20Dynamics--N00025175,General Dynamics,N00025175,GD
General%20Dynamics--N00025482,General Dynamics,N00025482,GD
General%20Dynamics--N00029260,General Dynamics,N00029260,GD
General%20Dynamics--N00030581,General Dynamics,N00030581,GD
General%20Dynamics--N00031857,General Dynamics,N00031857,GD
General%20Dynamics--N00035346,General Dynamics,N00035346,GD
General%20Dynamics--N00041002,General Dynamics,N00041002,GD
General%20Electric--N00007836,General Electric,N00007836,GE
General%20Electric--N00030196,General Electric,N00030196,GE
General%20Mills--N00041134,General Mills,N00041134,GIS
General%20Motors--N00003522,General Motors,N00003522,GM
General%20Motors--N00026368,General Motors,N00026368,GM
General%20Motors--N00027566,General Motors,N00027566,GM
General%20Motors--N00030650,General Motors,N00030650,GM
General%20Motors--N00033395,General Motors,N00033395,GM
General%20Motors--N00034068,General Motors,N00034068,GM
General%20Motors--N00035451,General Motors,N00035451,GM
General%20Motors--N00036149,General Motors,N00036149,GM
General%20Motors--N00040915,General Motors,N00040915,GM
General%20Motors--N00042149,General Motors,N00042149,GM
General%20Motors--N00042240,General Motors,N00042240,GM
Genworth%20Financial--N00030949,Genworth Financial,N00030949,GNW
Gilead%20Sciences--N00000781,Gilead Sciences,N00000781,GILD
Global%20Payments--N00039090,Global Payments,N00039090,GPN
Goldman%20Sachs--N00000491,Goldman Sachs,N00000491,GER
Goldman%20Sachs--N00001003,Goldman Sachs,N00001003,GER
Goldman%20Sachs--N00002097,Goldman Sachs,N00002097,GER
Goldman%20Sachs--N00029277,Goldman Sachs,N00029277,GER
Goldman%20Sachs--N00029441,Goldman Sachs,N00029441,GER
Goldman%20Sachs--N00033640,Goldman Sachs,N00033640,GER
Goldman%20Sachs--N00034277,Goldman Sachs,N00034277,GER
Goldman%20Sachs--N00034547,Goldman Sachs,N00034547,GER
Goldman%20Sachs--N00035431,Goldman Sachs,N00035431,GER
Goldman%20Sachs--N00035440,Goldman Sachs,N00035440,GER
Goldman%20Sachs--N00035492,Goldman Sachs,N00035492,GER
Goldman%20Sachs--N00035504,Goldman Sachs,N00035504,GER
Goldman%20Sachs--N00035516,Goldman Sachs,N00035516,GER
Goldman%20Sachs--N00035774,Goldman Sachs,N00035774,GER
Goldman%20Sachs--N00036944,Goldman Sachs,N00036944,GER
Goldman%20Sachs--N00037034,Goldman Sachs,N00037034,GER
Goldman%20Sachs--N00040741,Goldman Sachs,N00040741,GER
Goldman%20Sachs--N00041154,Goldman Sachs,N00041154,GER
Goldman%20Sachs--N00041588,Goldman Sachs,N00041588,GER
Gray%20Television--N00004614,Gray Television,N00004614,GTN
Greenbrier%20Companies--N00007724,Greenbrier Companies,N00007724,GBX
Guardant%20Health--N00036915,Guardant Health,N00036915,GH
H&R%20Block--N00026790,H&R Block,N00026790,HRB
Halliburton%20Co--N00006249,Halliburton Co,N00006249,HAL
Hartford%20Financial%20Services--N00027605,Hartford Financial Services,N00027605,HGH
Hawaiian%20Electric%20Industries--N00028138,Hawaiian Electric Industries,N00028138,HE
Hawaiian%20Electric%20Industries--N00028139,Hawaiian Electric Industries,N00028139,HE
Henry%20Schein%20Inc--N00034547,Henry Schein Inc,N00034547,HSIC
Henry%20Schein%20Inc--N00038742,Henry Schein Inc,N00038742,HSIC
Hess%20Corp--N00035504,Hess Corp,N00035504,HES
Hess%20Corp--N00042868,Hess Corp,N00042868,HES
Hilltop%20Holdings--N00005282,Hilltop Holdings,N00005282,HTH
Hilltop%20Holdings--N00038285,Hilltop Holdings,N00038285,HTH
Home%20Depot--N00002577,Home Depot,N00002577,HD
Home%20Depot--N00003132,Home Depot,N00003132,HD
Home%20Depot--N00003689,Home Depot,N00003689,HD
Home%20Depot--N00006701,Home Depot,N00006701,HD
Home%20Depot--N00007690,Home Depot,N00007690,HD
Home%20Depot--N00008046,Home Depot,N00008046,HD
Home%20Depot--N00009759,Home Depot,N00009759,HD
Home%20Depot--N00026041,Home Depot,N00026041,HD
Home%20Depot--N00027459,Home Depot,N00027459,HD
Home%20Depot--N00027848,Home Depot,N00027848,HD
Home%20Depot--N00029513,Home Depot,N00029513,HD
Home%20Depot--N00030184,Home Depot,N00030184,HD
Home%20Depot--N00030191,Home Depot,N00030191,HD
Home%20Depot--N00030581,Home Depot,N00030581,HD
Home%20Depot--N00030717,Home Depot,N00030717,HD
Home%20Depot--N00032243,Home Depot,N00032243,HD
Home%20Depot--N00033449,Home Depot,N00033449,HD
Home%20Depot--N00033474,Home Depot,N00033474,HD
Home%20Depot--N00033495,Home Depot,N00033495,HD
Home%20Depot--N00033720,Home Depot,N00033720,HD
Home%20Depot--N00035000,Home Depot,N00035000,HD
Home%20Depot--N00035307,Home Depot,N00035307,HD
Home%20Depot--N00035346,Home Depot,N00035346,HD
Home%20Depot--N00035347,Home Depot,N00035347,HD
Home%20Depot--N00035516,Home Depot,N00035516,HD
Home%20Depot--N00035927,Home Depot,N00035927,HD
Home%20Depot--N00036018,Home Depot,N00036018,HD
Home%20Depot--N00037185,Home Depot,N00037185,HD
Home%20Depot--N00038450,Home Depot,N00038450,HD
Home%20Depot--N00039327,Home Depot,N00039327,HD
Home%20Depot--N00042715,Home Depot,N00042715,HD
Home%20Depot--N00046125,Home Depot,N00046125,HD
Honeywell%20International--N00005559,Honeywell International,N00005559,HON
Honeywell%20International--N00009604,Honeywell International,N00009604,HON
Honeywell%20International--N00027462,Honeywell International,N00027462,HON
Honeywell%20International--N00027860,Honeywell International,N00027860,HON
Honeywell%20International--N00028133,Honeywell International,N00028133,HON
Honeywell%20International--N00029260,Honeywell International,N00029260,HON
Honeywell%20International--N00033030,Honeywell International,N00033030,HON
Honeywell%20International--N00035000,Honeywell International,N00035000,HON
Honeywell%20International--N00037185,Honeywell International,N00037185,HON
Honeywell%20International--N00039327,Honeywell International,N00039327,HON
Honeywell%20International--N00041542,Honeywell International,N00041542,HON
Honeywell%20International--N00043319,Honeywell International,N00043319,HON
Humana%20Inc--N00003389,Humana Inc,N00003389,HUM
Huntington%20Bancshares--N00033904,Huntington Bancshares,N00033904,HBAN
Huntington%20Ingalls%20Industries--N00006052,Huntington Ingalls Industries,N00006052,HII
Huntington%20Ingalls%20Industries--N00029459,Huntington Ingalls Industries,N00029459,HII
Huntington%20Ingalls%20Industries--N00031958,Huntington Ingalls Industries,N00031958,HII
Huntington%20Ingalls%20Industries--N00035380,Huntington Ingalls Industries,N00035380,HII
Huntington%20Ingalls%20Industries--N00037003,Huntington Ingalls Industries,N00037003,HII
Huntington%20Ingalls%20Industries--N00043298,Huntington Ingalls Industries,N00043298,HII
Huntsman%20Corp--N00006267,Huntsman Corp,N00006267,HUN
iHeartMedia%20Inc--N00004291,iHeartMedia Inc,N00004291,IHRT
iHeartMedia%20Inc--N00027514,iHeartMedia Inc,N00027514,IHRT
IHS%20Markit--N00036018,IHS Markit,N00036018,INFO
II-VI%20Inc--N00007099,II-VI Inc,N00007099,IIVI
Insteel%20Industries--N00035311,Insteel Industries,N00035311,IIIN
Intel%20Corp--N00025292,Intel Corp,N00025292,INTC
Intel%20Corp--N00029303,Intel Corp,N00029303,INTC
Intel%20Corp--N00033281,Intel Corp,N00033281,INTC
Intel%20Corp--N00033474,Intel Corp,N00033474,INTC
Intel%20Corp--N00039293,Intel Corp,N00039293,INTC
Intel%20Corp--N00041750,Intel Corp,N00041750,INTC
Intel%20Corp--N00043581,Intel Corp,N00043581,INTC
Intercontinental%20Exchange%20Inc--N00046125,Intercontinental Exchange Inc,N00046125,ICE
International%20Paper--N00030768,International Paper,N00030768,IP
International%20Paper--N00035346,International Paper,N00035346,IP
Intuit%20Inc--N00007335,Intuit Inc,N00007335,INTU
Intuit%20Inc--N00007364,Intuit Inc,N00007364,INTU
Intuit%20Inc--N00007479,Intuit Inc,N00007479,INTU
Jacobs%20Engineering%20Group--N00008122,Jacobs Engineering Group,N00008122,J
Jacobs%20Engineering%20Group--N00029662,Jacobs Engineering Group,N00029662,J
Johnson%20&%20Johnson--N00004961,Johnson & Johnson,N00004961,JNJ
Johnson%20&%20Johnson--N00012233,Johnson & Johnson,N00012233,JNJ
Johnson%20&%20Johnson--N00036158,Johnson & Johnson,N00036158,JNJ
JPMorgan%20Chase%20&%20Co--N00026460,JPMorgan Chase & Co,N00026460,JPM^J
JPMorgan%20Chase%20&%20Co--N00029070,JPMorgan Chase & Co,N00029070,JPM^J
JPMorgan%20Chase%20&%20Co--N00034277,JPMorgan Chase & Co,N00034277,JPM^J
Kansas%20City%20Southern--N00004572,Kansas City Southern,N00004572,KSU
Kansas%20City%20Southern--N00013323,Kansas City Southern,N00013323,KSU
Kansas%20City%20Southern--N00024978,Kansas City Southern,N00024978,KSU
KeyCorp--N00033904,KeyCorp,N00033904,KEY
Kirby%20Corp--N00005736,Kirby Corp,N00005736,KEX
KKR%20&%20Co--N00000491,KKR & Co,N00000491,KKR
KKR%20&%20Co--N00001171,KKR & Co,N00001171,KKR
KKR%20&%20Co--N00003389,KKR & Co,N00003389,KKR
KKR%20&%20Co--N00024852,KKR & Co,N00024852,KKR
KKR%20&%20Co--N00030245,KKR & Co,N00030245,KKR
KKR%20&%20Co--N00030622,KKR & Co,N00030622,KKR
KKR%20&%20Co--N00033510,KKR & Co,N00033510,KKR
KKR%20&%20Co--N00033638,KKR & Co,N00033638,KKR
KKR%20&%20Co--N00036944,KKR & Co,N00036944,KKR
Kratos%20Defense%20&%20Security%20Solutions--N00005582,Kratos Defense & Security Solutions,N00005582,KTOS
Kratos%20Defense%20&%20Security%20Solutions--N00007833,Kratos Defense & Security Solutions,N00007833,KTOS
Kratos%20Defense%20&%20Security%20Solutions--N00025726,Kratos Defense & Security Solutions,N00025726,KTOS
Kratos%20Defense%20&%20Security%20Solutions--N00031129,Kratos Defense & Security Solutions,N00031129,KTOS
L%20Brands--N00029574,L Brands,N00029574,LB
L%20Brands--N00033904,L Brands,N00033904,LB
L%20Brands--N00042194,L Brands,N00042194,LB
L3Harris%20Technologies--N00000286,L3Harris Technologies,N00000286,LHX
L3Harris%20Technologies--N00000362,L3Harris Technologies,N00000362,LHX
L3Harris%20Technologies--N00001024,L3Harris Technologies,N00001024,LHX
L3Harris%20Technologies--N00001193,L3Harris Technologies,N00001193,LHX
L3Harris%20Technologies--N00002942,L3Harris Technologies,N00002942,LHX
L3Harris%20Technologies--N00003132,L3Harris Technologies,N00003132,LHX
L3Harris%20Technologies--N00003522,L3Harris Technologies,N00003522,LHX
L3Harris%20Technologies--N00003535,L3Harris Technologies,N00003535,LHX
L3Harris%20Technologies--N00003813,L3Harris Technologies,N00003813,LHX
L3Harris%20Technologies--N00006052,L3Harris Technologies,N00006052,LHX
L3Harris%20Technologies--N00007099,L3Harris Technologies,N00007099,LHX
L3Harris%20Technologies--N00007833,L3Harris Technologies,N00007833,LHX
L3Harris%20Technologies--N00008799,L3Harris Technologies,N00008799,LHX
L3Harris%20Technologies--N00009724,L3Harris Technologies,N00009724,LHX
L3Harris%20Technologies--N00012942,L3Harris Technologies,N00012942,LHX
L3Harris%20Technologies--N00024759,L3Harris Technologies,N00024759,LHX
L3Harris%20Technologies--N00025095,L3Harris Technologies,N00025095,LHX
L3Harris%20Technologies--N00025175,L3Harris Technologies,N00025175,LHX
L3Harris%20Technologies--N00025337,L3Harris Technologies,N00025337,LHX
L3Harris%20Technologies--N00025482,L3Harris Technologies,N00025482,LHX
L3Harris%20Technologies--N00025726,L3Harris Technologies,N00025726,LHX
L3Harris%20Technologies--N00028133,L3Harris Technologies,N00028133,LHX
L3Harris%20Technologies--N00029459,L3Harris Technologies,N00029459,LHX
L3Harris%20Technologies--N00029662,L3Harris Technologies,N00029662,LHX
L3Harris%20Technologies--N00029891,L3Harris Technologies,N00029891,LHX
L3Harris%20Technologies--N00031545,L3Harris Technologies,N00031545,LHX
L3Harris%20Technologies--N00033839,L3Harris Technologies,N00033839,LHX
L3Harris%20Technologies--N00033932,L3Harris Technologies,N00033932,LHX
L3Harris%20Technologies--N00034453,L3Harris Technologies,N00034453,LHX
L3Harris%20Technologies--N00035523,L3Harris Technologies,N00035523,LHX
L3Harris%20Technologies--N00035934,L3Harris Technologies,N00035934,LHX
L3Harris%20Technologies--N00035972,L3Harris Technologies,N00035972,LHX
L3Harris%20Technologies--N00036154,L3Harris Technologies,N00036154,LHX
L3Harris%20Technologies--N00036274,L3Harris Technologies,N00036274,LHX
L3Harris%20Technologies--N00036999,L3Harris Technologies,N00036999,LHX
L3Harris%20Technologies--N00037049,L3Harris Technologies,N00037049,LHX
L3Harris%20Technologies--N00037185,L3Harris Technologies,N00037185,LHX
L3Harris%20Technologies--N00039503,L3Harris Technologies,N00039503,LHX
L3Harris%20Technologies--N00043290,L3Harris Technologies,N00043290,LHX
LHC%20Group--N00000153,LHC Group,N00000153,LHCG
LHC%20Group--N00026823,LHC Group,N00026823,LHCG
LHC%20Group--N00030670,LHC Group,N00030670,LHCG
LHC%20Group--N00030836,LHC Group,N00030836,LHCG
LHC%20Group--N00039953,LHC Group,N00039953,LHCG
Liberty%20Media%20Corp--N00041080,Liberty Media Corp,N00041080,BATRA
Linde%20plc--N00027462,Linde plc,N00027462,LIN
Live%20Nation%20Entertainment--N00005282,Live Nation Entertainment,N00005282,LYV
Lockheed%20Martin--N00000362,Lockheed Martin,N00000362,LMT
Lockheed%20Martin--N00001813,Lockheed Martin,N00001813,LMT
Lockheed%20Martin--N00003132,Lockheed Martin,N00003132,LMT
Lockheed%20Martin--N00005559,Lockheed Martin,N00005559,LMT
Lockheed%20Martin--N00005582,Lockheed Martin,N00005582,LMT
Lockheed%20Martin--N00005736,Lockheed Martin,N00005736,LMT
Lockheed%20Martin--N00006671,Lockheed Martin,N00006671,LMT
Lockheed%20Martin--N00007099,Lockheed Martin,N00007099,LMT
Lockheed%20Martin--N00007248,Lockheed Martin,N00007248,LMT
Lockheed%20Martin--N00007833,Lockheed Martin,N00007833,LMT
Lockheed%20Martin--N00008122,Lockheed Martin,N00008122,LMT
Lockheed%20Martin--N00008799,Lockheed Martin,N00008799,LMT
Lockheed%20Martin--N00025175,Lockheed Martin,N00025175,LMT
Lockheed%20Martin--N00025337,Lockheed Martin,N00025337,LMT
Lockheed%20Martin--N00025482,Lockheed Martin,N00025482,LMT
Lockheed%20Martin--N00027510,Lockheed Martin,N00027510,LMT
Lockheed%20Martin--N00028133,Lockheed Martin,N00028133,LMT
Lockheed%20Martin--N00029459,Lockheed Martin,N00029459,LMT
Lockheed%20Martin--N00030602,Lockheed Martin,N00030602,LMT
Lockheed%20Martin--N00030815,Lockheed Martin,N00030815,LMT
Lockheed%20Martin--N00030910,Lockheed Martin,N00030910,LMT
Lockheed%20Martin--N00033449,Lockheed Martin,N00033449,LMT
Lockheed%20Martin--N00033839,Lockheed Martin,N00033839,LMT
Lockheed%20Martin--N00033932,Lockheed Martin,N00033932,LMT
Lockheed%20Martin--N00033997,Lockheed Martin,N00033997,LMT
Lockheed%20Martin--N00035347,Lockheed Martin,N00035347,LMT
Lockheed%20Martin--N00035934,Lockheed Martin,N00035934,LMT
Lockheed%20Martin--N00036018,Lockheed Martin,N00036018,LMT
Lockheed%20Martin--N00036154,Lockheed Martin,N00036154,LMT
Lockheed%20Martin--N00036999,Lockheed Martin,N00036999,LMT
Lockheed%20Martin--N00037185,Lockheed Martin,N00037185,LMT
Lockheed%20Martin--N00039503,Lockheed Martin,N00039503,LMT
Lowe's%20Companies--N00000515,Lowe's Companies,N00000515,LOW
Lowe's%20Companies--N00004887,Lowe's Companies,N00004887,LOW
Lowe's%20Companies--N00033399,Lowe's Companies,N00033399,LOW
Lowe's%20Companies--N00035311,Lowe's Companies,N00035311,LOW
Lumen%20Technologies--N00027510,Lumen Technologies,N00027510,LUMN
Lyft%20Inc--N00002147,Lyft Inc,N00002147,LYFT
Lyft%20Inc--N00004572,Lyft Inc,N00004572,LYFT
Lyft%20Inc--N00027035,Lyft Inc,N00027035,LYFT
Lyft%20Inc--N00029070,Lyft Inc,N00029070,LYFT
Lyft%20Inc--N00035267,Lyft Inc,N00035267,LYFT
M%20International--N00004614,M International,N00004614,RPM
Macerich%20Co--N00042126,Macerich Co,N00042126,MAC
Magnolia%20Oil%20&%20Gas--N00031696,Magnolia Oil & Gas,N00031696,MGY
Marathon%20Petroleum--N00012233,Marathon Petroleum,N00012233,MPC
Marathon%20Petroleum--N00031128,Marathon Petroleum,N00031128,MPC
Marathon%20Petroleum--N00033539,Marathon Petroleum,N00033539,MPC
Marathon%20Petroleum--N00036633,Marathon Petroleum,N00036633,MPC
Marriott%20International--N00025882,Marriott International,N00025882,MAR
Masimo%20Corp--N00001971,Masimo Corp,N00001971,MASI
Masimo%20Corp--N00030670,Masimo Corp,N00030670,MASI
Masimo%20Corp--N00033510,Masimo Corp,N00033510,MASI
Masimo%20Corp--N00034041,Masimo Corp,N00034041,MASI
Masimo%20Corp--N00037260,Masimo Corp,N00037260,MASI
Matson%20Inc--N00028138,Matson Inc,N00028138,MATX
McDonald's%20Corp--N00003288,McDonald's Corp,N00003288,MCD
McDonald's%20Corp--N00004884,McDonald's Corp,N00004884,MCD
McDonald's%20Corp--N00027509,McDonald's Corp,N00027509,MCD
McDonald's%20Corp--N00028152,McDonald's Corp,N00028152,MCD
McDonald's%20Corp--N00034784,McDonald's Corp,N00034784,MCD
McDonald's%20Corp--N00035527,McDonald's Corp,N00035527,MCD
McDonald's%20Corp--N00040829,McDonald's Corp,N00040829,MCD
McKesson%20Corp--N00025219,McKesson Corp,N00025219,MCK
McKesson%20Corp--N00032029,McKesson Corp,N00032029,MCK
Mednax%20Inc--N00042811,Mednax Inc,N00042811,MD
Merck%20&%20Co--N00006249,Merck & Co,N00006249,MRK
Meredith%20Corp--N00006561,Meredith Corp,N00006561,MDP
Meritage%20Homes--N00006460,Meritage Homes,N00006460,MTH
MetLife%20Inc--N00001093,MetLife Inc,N00001093,MET
MGM%20Resorts%20International--N00030191,MGM Resorts International,N00030191,MGM
MGM%20Resorts%20International--N00033638,MGM Resorts International,N00033638,MGM
MGM%20Resorts%20International--N00037247,MGM Resorts International,N00037247,MGM
Microsoft%20Corp--N00000528,Microsoft Corp,N00000528,MSFT
Microsoft%20Corp--N00007360,Microsoft Corp,N00007360,MSFT
Microsoft%20Corp--N00007364,Microsoft Corp,N00007364,MSFT
Microsoft%20Corp--N00007833,Microsoft Corp,N00007833,MSFT
Microsoft%20Corp--N00007836,Microsoft Corp,N00007836,MSFT
Microsoft%20Corp--N00007876,Microsoft Corp,N00007876,MSFT
Microsoft%20Corp--N00024817,Microsoft Corp,N00024817,MSFT
Microsoft%20Corp--N00026314,Microsoft Corp,N00026314,MSFT
Microsoft%20Corp--N00029277,Microsoft Corp,N00029277,MSFT
Microsoft%20Corp--N00030693,Microsoft Corp,N00030693,MSFT
Microsoft%20Corp--N00031685,Microsoft Corp,N00031685,MSFT
Microsoft%20Corp--N00031820,Microsoft Corp,N00031820,MSFT
Microsoft%20Corp--N00033518,Microsoft Corp,N00033518,MSFT
Microsoft%20Corp--N00034453,Microsoft Corp,N00034453,MSFT
Microsoft%20Corp--N00035544,Microsoft Corp,N00035544,MSFT
Microsoft%20Corp--N00037039,Microsoft Corp,N00037039,MSFT
Microsoft%20Corp--N00038858,Microsoft Corp,N00038858,MSFT
Microsoft%20Corp--N00041162,Microsoft Corp,N00041162,MSFT
Microsoft%20Corp--N00041370,Microsoft Corp,N00041370,MSFT
Microsoft%20Corp--N00041606,Microsoft Corp,N00041606,MSFT
Microsoft%20Corp--N00042649,Microsoft Corp,N00042649,MSFT
Microsoft%20Corp--N00042868,Microsoft Corp,N00042868,MSFT
Microsoft%20Corp--N00043581,Microsoft Corp,N00043581,MSFT
Molina%20Healthcare--N00033373,Molina Healthcare,N00033373,MOH
Molina%20Healthcare--N00033997,Molina Healthcare,N00033997,MOH
Monolithic%20Power%20Systems--N00026148,Monolithic Power Systems,N00026148,MPWR
Morgan%20Stanley--N00000751,Morgan Stanley,N00000751,CAF
Morgan%20Stanley--N00024870,Morgan Stanley,N00024870,CAF
Morgan%20Stanley--N00026427,Morgan Stanley,N00026427,CAF
Morgan%20Stanley--N00033640,Morgan Stanley,N00033640,CAF
Morgan%20Stanley--N00035504,Morgan Stanley,N00035504,CAF
Morgan%20Stanley--N00036944,Morgan Stanley,N00036944,CAF
Morgan%20Stanley--N00038601,Morgan Stanley,N00038601,CAF
Morgan%20Stanley--N00040712,Morgan Stanley,N00040712,CAF
Murphy%20Oil--N00033363,Murphy Oil,N00033363,MUR
Murphy%20Oil--N00035792,Murphy Oil,N00035792,MUR
NACCO%20Industries--N00042868,NACCO Industries,N00042868,NC
National%20Fuel%20Gas%20Co--N00044065,National Fuel Gas Co,N00044065,NFG
NextEra%20Energy--N00003389,NextEra Energy,N00003389,NEE
NextEra%20Energy--N00024852,NextEra Energy,N00024852,NEE
NextEra%20Energy--N00026106,NextEra Energy,N00026106,NEE
NextEra%20Energy--N00027626,NextEra Energy,N00027626,NEE
NextEra%20Energy--N00027860,NextEra Energy,N00027860,NEE
NextEra%20Energy--N00033390,NextEra Energy,N00033390,NEE
NextEra%20Energy--N00035483,NextEra Energy,N00035483,NEE
NextEra%20Energy--N00037422,NextEra Energy,N00037422,NEE
NextEra%20Energy--N00040007,NextEra Energy,N00040007,NEE
Nike%20Inc--N00007727,Nike Inc,N00007727,NKE
Nike%20Inc--N00030071,Nike Inc,N00030071,NKE
Nike%20Inc--N00033474,Nike Inc,N00033474,NKE
NiSource%20Inc--N00033443,NiSource Inc,N00033443,NI
Northrop%20Grumman--N00003813,Northrop Grumman,N00003813,NOC
Northrop%20Grumman--N00006789,Northrop Grumman,N00006789,NOC
Northrop%20Grumman--N00007248,Northrop Grumman,N00007248,NOC
Northrop%20Grumman--N00008122,Northrop Grumman,N00008122,NOC
Northrop%20Grumman--N00009604,Northrop Grumman,N00009604,NOC
Northrop%20Grumman--N00024842,Northrop Grumman,N00024842,NOC
Northrop%20Grumman--N00025175,Northrop Grumman,N00025175,NOC
Northrop%20Grumman--N00029513,Northrop Grumman,N00029513,NOC
Northrop%20Grumman--N00029662,Northrop Grumman,N00029662,NOC
Northrop%20Grumman--N00029891,Northrop Grumman,N00029891,NOC
Northrop%20Grumman--N00030910,Northrop Grumman,N00030910,NOC
Northrop%20Grumman--N00031933,Northrop Grumman,N00031933,NOC
Northrop%20Grumman--N00034254,Northrop Grumman,N00034254,NOC
Northrop%20Grumman--N00035825,Northrop Grumman,N00035825,NOC
Northrop%20Grumman--N00035927,Northrop Grumman,N00035927,NOC
Northrop%20Grumman--N00036018,Northrop Grumman,N00036018,NOC
Northrop%20Grumman--N00036633,Northrop Grumman,N00036633,NOC
Northrop%20Grumman--N00039293,Northrop Grumman,N00039293,NOC
Northrop%20Grumman--N00039953,Northrop Grumman,N00039953,NOC
Northrop%20Grumman--N00041002,Northrop Grumman,N00041002,NOC
Novo%20Nordisk--N00012508,Novo Nordisk,N00012508,NVO
Nucor%20Corp--N00027894,Nucor Corp,N00027894,NUE
Nucor%20Corp--N00030770,Nucor Corp,N00030770,NUE
Nucor%20Corp--N00039551,Nucor Corp,N00039551,NUE
Nucor%20Corp--N00044335,Nucor Corp,N00044335,NUE
Nustar%20Energy--N00026460,Nustar Energy,N00026460,NS
Nustar%20Energy--N00042268,Nustar Energy,N00042268,NS
Occidental%20Petroleum--N00036135,Occidental Petroleum,N00036135,OXY
Old%20Dominion%20Freight%20Line--N00033527,Old Dominion Freight Line,N00033527,ODFL
Old%20Dominion%20Freight%20Line--N00041731,Old Dominion Freight Line,N00041731,ODFL
Old%20National%20Bancorp--N00031227,Old National Bancorp,N00031227,ONB
Omnicom%20Group--N00041588,Omnicom Group,N00041588,OMC
Omnicom%20Group--N00042811,Omnicom Group,N00042811,OMC
Oracle%20Corp--N00031685,Oracle Corp,N00031685,ORCL
Oshkosh%20Corp--N00009920,Oshkosh Corp,N00009920,OSK
Oshkosh%20Corp--N00032546,Oshkosh Corp,N00032546,OSK
Oshkosh%20Corp--N00036409,Oshkosh Corp,N00036409,OSK
Parsons%20Corp--N00009759,Parsons Corp,N00009759,PSN
Parsons%20Corp--N00026050,Parsons Corp,N00026050,PSN
Parsons%20Corp--N00028139,Parsons Corp,N00028139,PSN
Pegasystems%20Inc--N00026166,Pegasystems Inc,N00026166,PEGA
PepsiCo%20Inc--N00027709,PepsiCo Inc,N00027709,PEP
Pfizer%20Inc--N00004133,Pfizer Inc,N00004133,PFE
Pfizer%20Inc--N00004614,Pfizer Inc,N00004614,PFE
Pfizer%20Inc--N00007335,Pfizer Inc,N00007335,PFE
Pfizer%20Inc--N00024852,Pfizer Inc,N00024852,PFE
Pfizer%20Inc--N00027035,Pfizer Inc,N00027035,PFE
Pfizer%20Inc--N00027894,Pfizer Inc,N00027894,PFE
Pfizer%20Inc--N00031129,Pfizer Inc,N00031129,PFE
Pfizer%20Inc--N00031647,Pfizer Inc,N00031647,PFE
Pfizer%20Inc--N00033373,Pfizer Inc,N00033373,PFE
Pfizer%20Inc--N00033510,Pfizer Inc,N00033510,PFE
Pfizer%20Inc--N00033630,Pfizer Inc,N00033630,PFE
Pfizer%20Inc--N00035215,Pfizer Inc,N00035215,PFE
Pfizer%20Inc--N00035282,Pfizer Inc,N00035282,PFE
Phillips%2066--N00007364,Phillips 66,N00007364,PSX
Phillips%2066--N00033539,Phillips 66,N00033539,PSX
Phillips%2066--N00034639,Phillips 66,N00034639,PSX
Pinnacle%20West%20Capital--N00029260,Pinnacle West Capital,N00029260,PNW
Pinnacle%20West%20Capital--N00030771,Pinnacle West Capital,N00030771,PNW
Pinnacle%20West%20Capital--N00033983,Pinnacle West Capital,N00033983,PNW
Pinnacle%20West%20Capital--N00036097,Pinnacle West Capital,N00036097,PNW
Pinnacle%20West%20Capital--N00039293,Pinnacle West Capital,N00039293,PNW
Pinnacle%20West%20Capital--N00042056,Pinnacle West Capital,N00042056,PNW
Pitney%20Bowes%20Inc--N00001971,Pitney Bowes Inc,N00001971,PBI
Plug%20Power%20Inc--N00030196,Plug Power Inc,N00030196,PLUG
PNC%20Financial%20Services--N00031647,PNC Financial Services,N00031647,PNC
PNC%20Financial%20Services--N00041870,PNC Financial Services,N00041870,PNC
Portland%20General%20Electric--N00033474,Portland General Electric,N00033474,POR
PotlatchDeltic%20Corp--N00029441,PotlatchDeltic Corp,N00029441,PCH
PPL%20Corp--N00001489,PPL Corp,N00001489,PPL
Procter%20&%20Gamble--N00003682,Procter & Gamble,N00003682,PG
Procter%20&%20Gamble--N00007364,Procter & Gamble,N00007364,PG
Procter%20&%20Gamble--N00033310,Procter & Gamble,N00033310,PG
Prudential%20Financial--N00001821,Prudential Financial,N00001821,PFH
Prudential%20Financial--N00002408,Prudential Financial,N00002408,PFH
Prudential%20Financial--N00004403,Prudential Financial,N00004403,PFH
Prudential%20Financial--N00007419,Prudential Financial,N00007419,PFH
Prudential%20Financial--N00009920,Prudential Financial,N00009920,PFH
Prudential%20Financial--N00031233,Prudential Financial,N00031233,PFH
Prudential%20Financial--N00031782,Prudential Financial,N00031782,PFH
Prudential%20Financial--N00034639,Prudential Financial,N00034639,PFH
Prudential%20Financial--N00035544,Prudential Financial,N00035544,PFH
Public%20Service%20Enterprise%20Group--N00000699,Public Service Enterprise Group,N00000699,PEG
Q2%20Holdings--N00030602,Q2 Holdings,N00030602,QTWO
Q2%20Holdings--N00042268,Q2 Holdings,N00042268,QTWO
Raytheon%20Technologies--N00000153,Raytheon Technologies,N00000153,RTX
Raytheon%20Technologies--N00000575,Raytheon Technologies,N00000575,RTX
Raytheon%20Technologies--N00000615,Raytheon Technologies,N00000615,RTX
Raytheon%20Technologies--N00001024,Raytheon Technologies,N00001024,RTX
Raytheon%20Technologies--N00002260,Raytheon Technologies,N00002260,RTX
Raytheon%20Technologies--N00002674,Raytheon Technologies,N00002674,RTX
Raytheon%20Technologies--N00005736,Raytheon Technologies,N00005736,RTX
Raytheon%20Technologies--N00006052,Raytheon Technologies,N00006052,RTX
Raytheon%20Technologies--N00007248,Raytheon Technologies,N00007248,RTX
Raytheon%20Technologies--N00007833,Raytheon Technologies,N00007833,RTX
Raytheon%20Technologies--N00008799,Raytheon Technologies,N00008799,RTX
Raytheon%20Technologies--N00009660,Raytheon Technologies,N00009660,RTX
Raytheon%20Technologies--N00009724,Raytheon Technologies,N00009724,RTX
Raytheon%20Technologies--N00009759,Raytheon Technologies,N00009759,RTX
Raytheon%20Technologies--N00013323,Raytheon Technologies,N00013323,RTX
Raytheon%20Technologies--N00013817,Raytheon Technologies,N00013817,RTX
Raytheon%20Technologies--N00024759,Raytheon Technologies,N00024759,RTX
Raytheon%20Technologies--N00024809,Raytheon Technologies,N00024809,RTX
Raytheon%20Technologies--N00024842,Raytheon Technologies,N00024842,RTX
Raytheon%20Technologies--N00025175,Raytheon Technologies,N00025175,RTX
Raytheon%20Technologies--N00025337,Raytheon Technologies,N00025337,RTX
Raytheon%20Technologies--N00025726,Raytheon Technologies,N00025726,RTX
Raytheon%20Technologies--N00026631,Raytheon Technologies,N00026631,RTX
Raytheon%20Technologies--N00027239,Raytheon Technologies,N00027239,RTX
Raytheon%20Technologies--N00027509,Raytheon Technologies,N00027509,RTX
Raytheon%20Technologies--N00028133,Raytheon Technologies,N00028133,RTX
Raytheon%20Technologies--N00029662,Raytheon Technologies,N00029662,RTX
Raytheon%20Technologies--N00030829,Raytheon Technologies,N00030829,RTX
Raytheon%20Technologies--N00030856,Raytheon Technologies,N00030856,RTX
Raytheon%20Technologies--N00031226,Raytheon Technologies,N00031226,RTX
Raytheon%20Technologies--N00031857,Raytheon Technologies,N00031857,RTX
Raytheon%20Technologies--N00031958,Raytheon Technologies,N00031958,RTX
Raytheon%20Technologies--N00032457,Raytheon Technologies,N00032457,RTX
Raytheon%20Technologies--N00033474,Raytheon Technologies,N00033474,RTX
Raytheon%20Technologies--N00033591,Raytheon Technologies,N00033591,RTX
Raytheon%20Technologies--N00033720,Raytheon Technologies,N00033720,RTX
Raytheon%20Technologies--N00033839,Raytheon Technologies,N00033839,RTX
Raytheon%20Technologies--N00033982,Raytheon Technologies,N00033982,RTX
Raytheon%20Technologies--N00033997,Raytheon Technologies,N00033997,RTX
Raytheon%20Technologies--N00035278,Raytheon Technologies,N00035278,RTX
Raytheon%20Technologies--N00035282,Raytheon Technologies,N00035282,RTX
Raytheon%20Technologies--N00035380,Raytheon Technologies,N00035380,RTX
Raytheon%20Technologies--N00035483,Raytheon Technologies,N00035483,RTX
Raytheon%20Technologies--N00035523,Raytheon Technologies,N00035523,RTX
Raytheon%20Technologies--N00036097,Raytheon Technologies,N00036097,RTX
Raytheon%20Technologies--N00036154,Raytheon Technologies,N00036154,RTX
Raytheon%20Technologies--N00036999,Raytheon Technologies,N00036999,RTX
Raytheon%20Technologies--N00037015,Raytheon Technologies,N00037015,RTX
Raytheon%20Technologies--N00037031,Raytheon Technologies,N00037031,RTX
Raytheon%20Technologies--N00037185,Raytheon Technologies,N00037185,RTX
Raytheon%20Technologies--N00039777,Raytheon Technologies,N00039777,RTX
Raytheon%20Technologies--N00041702,Raytheon Technologies,N00041702,RTX
Raytheon%20Technologies--N00042403,Raytheon Technologies,N00042403,RTX
Raytheon%20Technologies--N00042458,Raytheon Technologies,N00042458,RTX
Raytheon%20Technologies--N00044298,Raytheon Technologies,N00044298,RTX
Regeneron%20Pharmaceuticals--N00030196,Regeneron Pharmaceuticals,N00030196,REGN
Rite%20Aid%20Corp--N00026314,Rite Aid Corp,N00026314,RAD
Sanderson%20Farms--N00031958,Sanderson Farms,N00031958,SAFM
Sanderson%20Farms--N00042458,Sanderson Farms,N00042458,SAFM
Sanderson%20Farms--N00043298,Sanderson Farms,N00043298,SAFM
Schneider%20National--N00004572,Schneider National,N00004572,SNDR
Scotts%20Miracle-Gro--N00003535,Scotts Miracle-Gro,N00003535,SMG
Scotts%20Miracle-Gro--N00029574,Scotts Miracle-Gro,N00029574,SMG
Seagen%20Inc--N00041606,Seagen Inc,N00041606,SGEN
Select%20Medical%20Holdings--N00000751,Select Medical Holdings,N00000751,SEM
Select%20Medical%20Holdings--N00001373,Select Medical Holdings,N00001373,SEM
Select%20Medical%20Holdings--N00002593,Select Medical Holdings,N00002593,SEM
Select%20Medical%20Holdings--N00027626,Select Medical Holdings,N00027626,SEM
Select%20Medical%20Holdings--N00027860,Select Medical Holdings,N00027860,SEM
Select%20Medical%20Holdings--N00035307,Select Medical Holdings,N00035307,SEM
Select%20Medical%20Holdings--N00043290,Select Medical Holdings,N00043290,SEM
Signature%20Bank--N00026627,Signature Bank,N00026627,SBNY
Signature%20Bank--N00042353,Signature Bank,N00042353,SBNY
Simmons%20First%20National%20Corp--N00035792,Simmons First National Corp,N00035792,SFNC
Simon%20Property%20Group--N00025280,Simon Property Group,N00025280,SPG
Smucker%20Co--N00038781,Smucker Co,N00038781,SJM
Sony%20Corp--N00027503,Sony Corp,N00027503,SNE
Southern%20Co--N00003028,Southern Co,N00003028,NSC
Southern%20Co--N00024759,Southern Co,N00024759,NSC
Southern%20Co--N00030622,Southern Co,N00030622,NSC
Southern%20Co--N00030788,Southern Co,N00030788,NSC
Southern%20Co--N00030910,Southern Co,N00030910,NSC
Southern%20Co--N00032243,Southern Co,N00032243,NSC
Southern%20Co--N00033443,Southern Co,N00033443,NSC
Southern%20Co--N00033720,Southern Co,N00033720,NSC
Southern%20Co--N00035347,Southern Co,N00035347,NSC
Southern%20Co--N00038601,Southern Co,N00038601,NSC
Spirit%20Aerosystems--N00005282,Spirit Aerosystems,N00005282,SPR
Spirit%20Aerosystems--N00040712,Spirit Aerosystems,N00040712,SPR
State%20Street%20Corp--N00000153,State Street Corp,N00000153,STT
Systemax%20Inc--N00038742,Systemax Inc,N00038742,SYX
Takeda%20Pharmaceutical%20Co--N00035278,Takeda Pharmaceutical Co,N00035278,TAK
Target%20Corp--N00004572,Target Corp,N00004572,TGT
Tellurian%20Inc--N00026823,Tellurian Inc,N00026823,TELL
Textron%20Inc--N00003813,Textron Inc,N00003813,TXT
Textron%20Inc--N00009918,Textron Inc,N00009918,TXT
Timken%20Co--N00041690,Timken Co,N00041690,TKR
Toyota%20Motor%20Corp--N00034547,Toyota Motor Corp,N00034547,TM
Transdigm%20Group--N00035007,Transdigm Group,N00035007,TDG
Transdigm%20Group--N00041690,Transdigm Group,N00041690,TDG
Travelers%20Companies--N00000575,Travelers Companies,N00000575,TRV
Travelers%20Companies--N00003682,Travelers Companies,N00003682,TRV
Truist%20Financial--N00001489,Truist Financial,N00001489,TFC
Truist%20Financial--N00002097,Truist Financial,N00002097,TFC
Truist%20Financial--N00002593,Truist Financial,N00002593,TFC
Truist%20Financial--N00024871,Truist Financial,N00024871,TFC
Truist%20Financial--N00026166,Truist Financial,N00026166,TFC
Truist%20Financial--N00026627,Truist Financial,N00026627,TFC
Truist%20Financial--N00030026,Truist Financial,N00030026,TFC
Truist%20Financial--N00033720,Truist Financial,N00033720,TFC
Truist%20Financial--N00035347,Truist Financial,N00035347,TFC
Truist%20Financial--N00035451,Truist Financial,N00035451,TFC
Truist%20Financial--N00035492,Truist Financial,N00035492,TFC
Truist%20Financial--N00039551,Truist Financial,N00039551,TFC
Union%20Pacific%20Corp--N00013323,Union Pacific Corp,N00013323,UNP
Union%20Pacific%20Corp--N00027623,Union Pacific Corp,N00027623,UNP
Union%20Pacific%20Corp--N00033443,Union Pacific Corp,N00033443,UNP
United%20Airlines%20Holdings--N00004981,United Airlines Holdings,N00004981,UAL
United%20Airlines%20Holdings--N00007781,United Airlines Holdings,N00007781,UAL
United%20Airlines%20Holdings--N00024852,United Airlines Holdings,N00024852,UAL
United%20Airlines%20Holdings--N00035267,United Airlines Holdings,N00035267,UAL
United%20Parcel%20Service--N00003389,United Parcel Service,N00003389,UPS
United%20Parcel%20Service--N00009660,United Parcel Service,N00009660,UPS
United%20Parcel%20Service--N00024870,United Parcel Service,N00024870,UPS
United%20Parcel%20Service--N00028073,United Parcel Service,N00028073,UPS
United%20Parcel%20Service--N00035380,United Parcel Service,N00035380,UPS
United%20Parcel%20Service--N00035523,United Parcel Service,N00035523,UPS
United%20Parcel%20Service--N00040829,United Parcel Service,N00040829,UPS
Vail%20Resorts--N00041080,Vail Resorts,N00041080,MTN
Valero%20Energy--N00005582,Valero Energy,N00005582,VLO
Valero%20Energy--N00005883,Valero Energy,N00005883,VLO
Valero%20Energy--N00033630,Valero Energy,N00033630,VLO
Valero%20Energy--N00036135,Valero Energy,N00036135,VLO
Valero%20Energy--N00042224,Valero Energy,N00042224,VLO
Valero%20Energy--N00042268,Valero Energy,N00042268,VLO
Varian%20Medical%20Systems--N00033399,Varian Medical Systems,N00033399,VAR
Verizon%20Communications--N00032088,Verizon Communications,N00032088,VZ
Verizon%20Communications--N00033177,Verizon Communications,N00033177,VZ
Verizon%20Communications--N00041843,Verizon Communications,N00041843,VZ
Vertex%20Pharmaceuticals--N00006236,Vertex Pharmaceuticals,N00006236,VRTX
Visa%20Inc--N00029649,Visa Inc,N00029649,V
Visa%20Inc--N00042811,Visa Inc,N00042811,V
Walmart%20Inc--N00009660,Walmart Inc,N00009660,WMT
Walmart%20Inc--N00031857,Walmart Inc,N00031857,WMT
Walmart%20Inc--N00033363,Walmart Inc,N00033363,WMT
Walt%20Disney%20Co--N00000362,Walt Disney Co,N00000362,DIS
Walt%20Disney%20Co--N00000939,Walt Disney Co,N00000939,DIS
Walt%20Disney%20Co--N00007360,Walt Disney Co,N00007360,DIS
Walt%20Disney%20Co--N00007690,Walt Disney Co,N00007690,DIS
Walt%20Disney%20Co--N00009585,Walt Disney Co,N00009585,DIS
Walt%20Disney%20Co--N00024817,Walt Disney Co,N00024817,DIS
Walt%20Disney%20Co--N00029277,Walt Disney Co,N00029277,DIS
Walt%20Disney%20Co--N00031877,Walt Disney Co,N00031877,DIS
Walt%20Disney%20Co--N00035825,Walt Disney Co,N00035825,DIS
Walt%20Disney%20Co--N00036915,Walt Disney Co,N00036915,DIS
Walt%20Disney%20Co--N00037247,Walt Disney Co,N00037247,DIS
Walt%20Disney%20Co--N00040644,Walt Disney Co,N00040644,DIS
Walt%20Disney%20Co--N00040666,Walt Disney Co,N00040666,DIS
Walt%20Disney%20Co--N00040667,Walt Disney Co,N00040667,DIS
Walt%20Disney%20Co--N00040853,Walt Disney Co,N00040853,DIS
Walt%20Disney%20Co--N00040865,Walt Disney Co,N00040865,DIS
Walt%20Disney%20Co--N00040888,Walt Disney Co,N00040888,DIS
Walt%20Disney%20Co--N00041357,Walt Disney Co,N00041357,DIS
Walt%20Disney%20Co--N00041561,Walt Disney Co,N00041561,DIS
Walt%20Disney%20Co--N00041569,Walt Disney Co,N00041569,DIS
Waste%20Management%20Inc--N00043379,Waste Management Inc,N00043379,WM
Wells%20Fargo--N00008046,Wells Fargo,N00008046,EAD
Wells%20Fargo--N00009660,Wells Fargo,N00009660,EAD
Wells%20Fargo--N00009975,Wells Fargo,N00009975,EAD
Wells%20Fargo--N00026627,Wells Fargo,N00026627,EAD
Wells%20Fargo--N00029070,Wells Fargo,N00029070,EAD
Wells%20Fargo--N00033106,Wells Fargo,N00033106,EAD
Wells%20Fargo--N00033363,Wells Fargo,N00033363,EAD
Wells%20Fargo--N00033982,Wells Fargo,N00033982,EAD
Wells%20Fargo--N00035451,Wells Fargo,N00035451,EAD
Wells%20Fargo--N00035492,Wells Fargo,N00035492,EAD
Wells%20Fargo--N00035504,Wells Fargo,N00035504,EAD
Wells%20Fargo--N00035509,Wells Fargo,N00035509,EAD
Wells%20Fargo--N00035516,Wells Fargo,N00035516,EAD
Wells%20Fargo--N00044335,Wells Fargo,N00044335,EAD
Wells%20Fargo--N00046125,Wells Fargo,N00046125,EAD
Weyerhaeuser%20Co--N00030071,Weyerhaeuser Co,N00030071,WY
Whirlpool%20Corp--N00004118,Whirlpool Corp,N00004118,WHR
Whirlpool%20Corp--N00004133,Whirlpool Corp,N00004133,WHR
Williams%20Companies--N00005582,Williams Companies,N00005582,WMB
Williams%20Companies--N00009771,Williams Companies,N00009771,WMB
Workday%20Inc--N00037515,Workday Inc,N00037515,WDAY
